"","ts_code","symbol","name","area","industry","market","list_date"
"1","000001.SZ","000001","平安银行","深圳","银行","主板","19910403"
"2","000002.SZ","000002","万科A","深圳","全国地产","主板","19910129"
"3","000004.SZ","000004","国华网安","深圳","软件服务","主板","19910114"
"4","000005.SZ","000005","ST星源","深圳","环境保护","主板","19901210"
"5","000006.SZ","000006","深振业A","深圳","区域地产","主板","19920427"
"6","000007.SZ","000007","*ST全新","深圳","酒店餐饮","主板","19920413"
"7","000008.SZ","000008","神州高铁","北京","运输设备","主板","19920507"
"8","000009.SZ","000009","中国宝安","深圳","电气设备","主板","19910625"
"9","000010.SZ","000010","美丽生态","深圳","建筑工程","主板","19951027"
"10","000011.SZ","000011","深物业A","深圳","区域地产","主板","19920330"
"11","000012.SZ","000012","南玻A","深圳","玻璃","主板","19920228"
"12","000014.SZ","000014","沙河股份","深圳","全国地产","主板","19920602"
"13","000016.SZ","000016","深康佳A","深圳","家用电器","主板","19920327"
"14","000017.SZ","000017","深中华A","深圳","文教休闲","主板","19920331"
"15","000019.SZ","000019","深粮控股","深圳","其他商业","主板","19921012"
"16","000020.SZ","000020","深华发A","深圳","元器件","主板","19920428"
"17","000021.SZ","000021","深科技","深圳","IT设备","主板","19940202"
"18","000023.SZ","000023","深天地A","深圳","水泥","主板","19930429"
"19","000025.SZ","000025","特力A","深圳","汽车服务","主板","19930621"
"20","000026.SZ","000026","飞亚达","深圳","其他商业","主板","19930603"
"21","000027.SZ","000027","深圳能源","深圳","火力发电","主板","19930903"
"22","000028.SZ","000028","国药一致","深圳","医药商业","主板","19930809"
"23","000029.SZ","000029","深深房A","深圳","区域地产","主板","19930915"
"24","000030.SZ","000030","富奥股份","吉林","汽车配件","主板","19930929"
"25","000031.SZ","000031","大悦城","深圳","全国地产","主板","19931008"
"26","000032.SZ","000032","深桑达A","深圳","元器件","主板","19931028"
"27","000034.SZ","000034","神州数码","深圳","综合类","主板","19940509"
"28","000035.SZ","000035","中国天楹","江苏","环境保护","主板","19940408"
"29","000036.SZ","000036","华联控股","深圳","全国地产","主板","19940617"
"30","000037.SZ","000037","深南电A","深圳","火力发电","主板","19940701"
"31","000038.SZ","000038","深大通","深圳","综合类","主板","19940808"
"32","000039.SZ","000039","中集集团","深圳","轻工机械","主板","19940408"
"33","000040.SZ","000040","东旭蓝天","深圳","新型电力","主板","19940808"
"34","000042.SZ","000042","中洲控股","深圳","全国地产","主板","19940921"
"35","000045.SZ","000045","深纺织A","深圳","元器件","主板","19940815"
"36","000046.SZ","000046","泛海控股","北京","多元金融","主板","19940912"
"37","000048.SZ","000048","京基智农","深圳","饲料","主板","19941101"
"38","000049.SZ","000049","德赛电池","深圳","电气设备","主板","19950320"
"39","000050.SZ","000050","深天马A","深圳","元器件","主板","19950315"
"40","000055.SZ","000055","方大集团","深圳","其他建材","主板","19960415"
"41","000056.SZ","000056","皇庭国际","深圳","房产服务","主板","19960708"
"42","000058.SZ","000058","深赛格","深圳","商品城","主板","19961226"
"43","000059.SZ","000059","华锦股份","辽宁","石油加工","主板","19970130"
"44","000060.SZ","000060","中金岭南","深圳","铅锌","主板","19970123"
"45","000061.SZ","000061","农产品","深圳","农业综合","主板","19970110"
"46","000062.SZ","000062","深圳华强","深圳","批发业","主板","19970130"
"47","000063.SZ","000063","中兴通讯","深圳","通信设备","主板","19971118"
"48","000065.SZ","000065","北方国际","北京","建筑工程","主板","19980605"
"49","000066.SZ","000066","中国长城","深圳","IT设备","主板","19970626"
"50","000068.SZ","000068","华控赛格","深圳","环境保护","主板","19970611"
"51","000069.SZ","000069","华侨城A","深圳","旅游景点","主板","19970910"
"52","000070.SZ","000070","特发信息","深圳","通信设备","主板","20000511"
"53","000078.SZ","000078","海王生物","深圳","医药商业","主板","19981218"
"54","000088.SZ","000088","盐田港","深圳","港口","主板","19970728"
"55","000089.SZ","000089","深圳机场","深圳","机场","主板","19980420"
"56","000090.SZ","000090","天健集团","深圳","建筑工程","主板","19990721"
"57","000096.SZ","000096","广聚能源","深圳","石油贸易","主板","20000724"
"58","000099.SZ","000099","中信海直","深圳","空运","主板","20000731"
"59","000100.SZ","000100","TCL科技","广东","元器件","主板","20040130"
"60","000150.SZ","000150","宜华健康","广东","医疗保健","主板","20000807"
"61","000151.SZ","000151","中成股份","北京","商贸代理","主板","20000906"
"62","000153.SZ","000153","丰原药业","安徽","化学制药","主板","20000920"
"63","000155.SZ","000155","川能动力","四川","新型电力","主板","20000926"
"64","000156.SZ","000156","华数传媒","浙江","影视音像","主板","20000906"
"65","000157.SZ","000157","中联重科","湖南","工程机械","主板","20001012"
"66","000158.SZ","000158","常山北明","河北","软件服务","主板","20000724"
"67","000159.SZ","000159","国际实业","新疆","石油贸易","主板","20000926"
"68","000166.SZ","000166","申万宏源","新疆","证券","主板","20150126"
"69","000301.SZ","000301","东方盛虹","江苏","化纤","主板","20000529"
"70","000333.SZ","000333","美的集团","广东","家用电器","主板","20130918"
"71","000338.SZ","000338","潍柴动力","山东","汽车配件","主板","20070430"
"72","000400.SZ","000400","许继电气","河南","电气设备","主板","19970418"
"73","000401.SZ","000401","冀东水泥","河北","水泥","主板","19960614"
"74","000402.SZ","000402","金融街","北京","全国地产","主板","19960626"
"75","000403.SZ","000403","派林生物","山西","生物制药","主板","19960628"
"76","000404.SZ","000404","长虹华意","江西","家用电器","主板","19960619"
"77","000407.SZ","000407","胜利股份","山东","供气供热","主板","19960703"
"78","000408.SZ","000408","藏格矿业","青海","农药化肥","主板","19960628"
"79","000409.SZ","000409","云鼎科技","山东","软件服务","主板","19960627"
"80","000410.SZ","000410","ST沈机","辽宁","机床制造","主板","19960718"
"81","000411.SZ","000411","英特集团","浙江","医药商业","主板","19960716"
"82","000413.SZ","000413","东旭光电","河北","元器件","主板","19960925"
"83","000415.SZ","000415","渤海租赁","新疆","多元金融","主板","19960716"
"84","000416.SZ","000416","民生控股","山东","多元金融","主板","19960719"
"85","000417.SZ","000417","合肥百货","安徽","百货","主板","19960812"
"86","000419.SZ","000419","通程控股","湖南","百货","主板","19960816"
"87","000420.SZ","000420","吉林化纤","吉林","化纤","主板","19960802"
"88","000421.SZ","000421","南京公用","江苏","供气供热","主板","19960806"
"89","000422.SZ","000422","湖北宜化","湖北","农药化肥","主板","19960815"
"90","000423.SZ","000423","东阿阿胶","山东","中成药","主板","19960729"
"91","000425.SZ","000425","徐工机械","江苏","工程机械","主板","19960828"
"92","000426.SZ","000426","兴业矿业","内蒙","铅锌","主板","19960828"
"93","000428.SZ","000428","华天酒店","湖南","酒店餐饮","主板","19960808"
"94","000429.SZ","000429","粤高速A","广东","路桥","主板","19980220"
"95","000430.SZ","000430","张家界","湖南","旅游景点","主板","19960829"
"96","000488.SZ","000488","晨鸣纸业","山东","造纸","主板","20001120"
"97","000498.SZ","000498","山东路桥","山东","建筑工程","主板","19970609"
"98","000501.SZ","000501","鄂武商A","湖北","百货","主板","19921120"
"99","000502.SZ","000502","*ST绿景","广东","综合类","主板","19921123"
"100","000503.SZ","000503","国新健康","海南","软件服务","主板","19921130"
"101","000504.SZ","000504","南华生物","湖南","生物制药","主板","19921208"
"102","000505.SZ","000505","京粮控股","海南","食品","主板","19921221"
"103","000506.SZ","000506","中润资源","山东","黄金","主板","19930312"
"104","000507.SZ","000507","珠海港","广东","港口","主板","19930326"
"105","000509.SZ","000509","*ST华塑","四川","医疗保健","主板","19930507"
"106","000510.SZ","000510","新金路","四川","化工原料","主板","19930507"
"107","000513.SZ","000513","丽珠集团","广东","化学制药","主板","19931028"
"108","000514.SZ","000514","渝开发","重庆","区域地产","主板","19930712"
"109","000516.SZ","000516","国际医学","陕西","医疗保健","主板","19930809"
"110","000517.SZ","000517","荣安地产","浙江","区域地产","主板","19930806"
"111","000518.SZ","000518","四环生物","江苏","生物制药","主板","19930908"
"112","000519.SZ","000519","中兵红箭","湖南","专用机械","主板","19931008"
"113","000520.SZ","000520","长航凤凰","湖北","水运","主板","19931025"
"114","000521.SZ","000521","长虹美菱","安徽","家用电器","主板","19931018"
"115","000523.SZ","000523","*ST浪奇","广东","日用化工","主板","19931108"
"116","000524.SZ","000524","岭南控股","广东","酒店餐饮","主板","19931118"
"117","000525.SZ","000525","ST红太阳","江苏","农药化肥","主板","19931028"
"118","000526.SZ","000526","学大教育","福建","文教休闲","主板","19931101"
"119","000528.SZ","000528","柳工","广西","工程机械","主板","19931118"
"120","000529.SZ","000529","广弘控股","广东","食品","主板","19931118"
"121","000530.SZ","000530","冰山冷热","辽宁","机械基件","主板","19931208"
"122","000531.SZ","000531","穗恒运A","广东","火力发电","主板","19940106"
"123","000532.SZ","000532","华金资本","广东","多元金融","主板","19940103"
"124","000533.SZ","000533","顺钠股份","广东","电气设备","主板","19940103"
"125","000534.SZ","000534","万泽股份","广东","生物制药","主板","19940110"
"126","000536.SZ","000536","华映科技","福建","元器件","主板","19931126"
"127","000537.SZ","000537","广宇发展","天津","区域地产","主板","19931210"
"128","000538.SZ","000538","云南白药","云南","中成药","主板","19931215"
"129","000539.SZ","000539","粤电力A","广东","火力发电","主板","19931126"
"130","000540.SZ","000540","中天金融","贵州","多元金融","主板","19940202"
"131","000541.SZ","000541","佛山照明","广东","家用电器","主板","19931123"
"132","000543.SZ","000543","皖能电力","安徽","火力发电","主板","19931220"
"133","000544.SZ","000544","中原环保","河南","环境保护","主板","19931208"
"134","000545.SZ","000545","金浦钛业","吉林","化工原料","主板","19931215"
"135","000546.SZ","000546","金圆股份","吉林","环境保护","主板","19931215"
"136","000547.SZ","000547","航天发展","福建","通信设备","主板","19931130"
"137","000548.SZ","000548","湖南投资","湖南","路桥","主板","19931220"
"138","000550.SZ","000550","江铃汽车","江西","汽车整车","主板","19931201"
"139","000551.SZ","000551","创元科技","江苏","专用机械","主板","19940106"
"140","000552.SZ","000552","靖远煤电","甘肃","煤炭开采","主板","19940106"
"141","000553.SZ","000553","安道麦A","湖北","农药化肥","主板","19931203"
"142","000554.SZ","000554","泰山石油","山东","石油贸易","主板","19931215"
"143","000555.SZ","000555","神州信息","深圳","软件服务","主板","19940408"
"144","000557.SZ","000557","西部创业","宁夏","铁路","主板","19940617"
"145","000558.SZ","000558","莱茵体育","浙江","文教休闲","主板","19940509"
"146","000559.SZ","000559","万向钱潮","浙江","汽车配件","主板","19940110"
"147","000560.SZ","000560","我爱我家","云南","房产服务","主板","19940202"
"148","000561.SZ","000561","烽火电子","陕西","通信设备","主板","19940509"
"149","000563.SZ","000563","陕国投A","陕西","多元金融","主板","19940110"
"150","000564.SZ","000564","*ST大集","陕西","百货","主板","19940110"
"151","000565.SZ","000565","渝三峡A","重庆","染料涂料","主板","19940408"
"152","000566.SZ","000566","海南海药","海南","化学制药","主板","19940525"
"153","000567.SZ","000567","海德股份","海南","多元金融","主板","19940525"
"154","000568.SZ","000568","泸州老窖","四川","白酒","主板","19940509"
"155","000570.SZ","000570","苏常柴A","江苏","机械基件","主板","19940701"
"156","000571.SZ","000571","ST大洲","海南","煤炭开采","主板","19940525"
"157","000572.SZ","000572","海马汽车","海南","汽车整车","主板","19940808"
"158","000573.SZ","000573","粤宏远A","广东","区域地产","主板","19940815"
"159","000576.SZ","000576","甘化科工","广东","食品","主板","19940907"
"160","000581.SZ","000581","威孚高科","江苏","汽车配件","主板","19980924"
"161","000582.SZ","000582","北部湾港","广西","港口","主板","19951102"
"162","000584.SZ","000584","哈工智能","江苏","专用机械","主板","19951128"
"163","000585.SZ","000585","*ST东电","海南","电气设备","主板","19951213"
"164","000586.SZ","000586","汇源通信","四川","通信设备","主板","19951220"
"165","000587.SZ","000587","*ST金洲","黑龙江","批发业","主板","19960425"
"166","000589.SZ","000589","贵州轮胎","贵州","汽车配件","主板","19960308"
"167","000590.SZ","000590","启迪药业","湖南","中成药","主板","19960119"
"168","000591.SZ","000591","太阳能","重庆","新型电力","主板","19960208"
"169","000592.SZ","000592","平潭发展","福建","林业","主板","19960327"
"170","000593.SZ","000593","大通燃气","四川","供气供热","主板","19960312"
"171","000595.SZ","000595","宝塔实业","宁夏","机械基件","主板","19960419"
"172","000596.SZ","000596","古井贡酒","安徽","白酒","主板","19960927"
"173","000597.SZ","000597","东北制药","辽宁","化学制药","主板","19960523"
"174","000598.SZ","000598","兴蓉环境","四川","水务","主板","19960529"
"175","000599.SZ","000599","青岛双星","山东","汽车配件","主板","19960430"
"176","000600.SZ","000600","建投能源","河北","火力发电","主板","19960606"
"177","000601.SZ","000601","韶能股份","广东","水力发电","主板","19960830"
"178","000603.SZ","000603","盛达资源","北京","铅锌","主板","19960823"
"179","000605.SZ","000605","渤海股份","北京","水务","主板","19960913"
"180","000606.SZ","000606","ST顺利","青海","互联网","主板","19961004"
"181","000607.SZ","000607","华媒控股","浙江","广告包装","主板","19960830"
"182","000608.SZ","000608","阳光股份","广西","区域地产","主板","19960919"
"183","000609.SZ","000609","*ST中迪","北京","区域地产","主板","19961010"
"184","000610.SZ","000610","西安旅游","陕西","旅游服务","主板","19960926"
"185","000611.SZ","000611","*ST天首","内蒙","商贸代理","主板","19961008"
"186","000612.SZ","000612","焦作万方","河南","铝","主板","19960926"
"187","000613.SZ","000613","*ST东海A","海南","旅游服务","主板","19970128"
"188","000615.SZ","000615","奥园美谷","湖北","区域地产","主板","19961016"
"189","000616.SZ","000616","ST海投","辽宁","全国地产","主板","19961108"
"190","000617.SZ","000617","中油资本","新疆","多元金融","主板","19961022"
"191","000619.SZ","000619","海螺型材","安徽","其他建材","主板","19961023"
"192","000620.SZ","000620","新华联","北京","全国地产","主板","19961029"
"193","000622.SZ","000622","恒立实业","湖南","汽车配件","主板","19961107"
"194","000623.SZ","000623","吉林敖东","吉林","中成药","主板","19961028"
"195","000625.SZ","000625","长安汽车","重庆","汽车整车","主板","19970610"
"196","000626.SZ","000626","远大控股","江苏","商贸代理","主板","19961128"
"197","000627.SZ","000627","天茂集团","湖北","保险","主板","19961112"
"198","000628.SZ","000628","高新发展","四川","园区开发","主板","19961118"
"199","000629.SZ","000629","攀钢钒钛","四川","小金属","主板","19961115"
"200","000630.SZ","000630","铜陵有色","安徽","铜","主板","19961120"
"201","000631.SZ","000631","顺发恒业","吉林","区域地产","主板","19961122"
"202","000632.SZ","000632","三木集团","福建","综合类","主板","19961121"
"203","000633.SZ","000633","合金投资","新疆","综合类","主板","19961112"
"204","000635.SZ","000635","英力特","宁夏","化工原料","主板","19961120"
"205","000636.SZ","000636","风华高科","广东","元器件","主板","19961129"
"206","000637.SZ","000637","茂化实华","广东","石油加工","主板","19961114"
"207","000638.SZ","000638","*ST万方","吉林","软件服务","主板","19961126"
"208","000639.SZ","000639","西王食品","山东","食品","主板","19961126"
"209","000650.SZ","000650","仁和药业","江西","中成药","主板","19961210"
"210","000651.SZ","000651","格力电器","广东","家用电器","主板","19961118"
"211","000652.SZ","000652","泰达股份","天津","批发业","主板","19961128"
"212","000655.SZ","000655","金岭矿业","山东","普钢","主板","19961128"
"213","000656.SZ","000656","金科股份","重庆","区域地产","主板","19961128"
"214","000657.SZ","000657","中钨高新","海南","小金属","主板","19961205"
"215","000659.SZ","000659","珠海中富","广东","广告包装","主板","19961203"
"216","000661.SZ","000661","长春高新","吉林","生物制药","主板","19961218"
"217","000663.SZ","000663","永安林业","福建","林业","主板","19961206"
"218","000665.SZ","000665","湖北广电","湖北","影视音像","主板","19961210"
"219","000666.SZ","000666","经纬纺机","北京","多元金融","主板","19961210"
"220","000667.SZ","000667","美好置业","云南","全国地产","主板","19961205"
"221","000668.SZ","000668","荣丰控股","山东","区域地产","主板","19961210"
"222","000669.SZ","000669","ST金鸿","吉林","供气供热","主板","19961210"
"223","000671.SZ","000671","阳光城","福建","区域地产","主板","19961218"
"224","000672.SZ","000672","上峰水泥","甘肃","水泥","主板","19961218"
"225","000673.SZ","000673","*ST当代","山西","影视音像","主板","19970124"
"226","000676.SZ","000676","智度股份","河南","互联网","主板","19961224"
"227","000677.SZ","000677","恒天海龙","山东","化纤","主板","19961226"
"228","000678.SZ","000678","襄阳轴承","湖北","汽车配件","主板","19970106"
"229","000679.SZ","000679","大连友谊","辽宁","百货","主板","19970124"
"230","000680.SZ","000680","山推股份","山东","工程机械","主板","19970122"
"231","000681.SZ","000681","视觉中国","江苏","互联网","主板","19970121"
"232","000682.SZ","000682","东方电子","山东","电气设备","主板","19970121"
"233","000683.SZ","000683","远兴能源","内蒙","化工原料","主板","19970131"
"234","000685.SZ","000685","中山公用","广东","水务","主板","19970123"
"235","000686.SZ","000686","东北证券","吉林","证券","主板","19970227"
"236","000687.SZ","000687","*ST华讯","深圳","通信设备","主板","19970221"
"237","000688.SZ","000688","国城矿业","重庆","铅锌","主板","19970120"
"238","000690.SZ","000690","宝新能源","广东","火力发电","主板","19970128"
"239","000691.SZ","000691","亚太实业","甘肃","化工原料","主板","19970228"
"240","000692.SZ","000692","惠天热电","辽宁","供气供热","主板","19970227"
"241","000695.SZ","000695","滨海能源","天津","广告包装","主板","19970218"
"242","000697.SZ","000697","炼石航空","陕西","航空","主板","19970325"
"243","000698.SZ","000698","沈阳化工","辽宁","化工原料","主板","19970220"
"244","000700.SZ","000700","模塑科技","江苏","汽车配件","主板","19970228"
"245","000701.SZ","000701","厦门信达","福建","综合类","主板","19970226"
"246","000702.SZ","000702","正虹科技","湖南","饲料","主板","19970318"
"247","000703.SZ","000703","恒逸石化","广西","化纤","主板","19970328"
"248","000705.SZ","000705","浙江震元","浙江","医药商业","主板","19970410"
"249","000707.SZ","000707","*ST双环","湖北","化工原料","主板","19970415"
"250","000708.SZ","000708","中信特钢","湖北","特种钢","主板","19970326"
"251","000709.SZ","000709","河钢股份","河北","普钢","主板","19970416"
"252","000710.SZ","000710","贝瑞基因","四川","医疗保健","主板","19970422"
"253","000711.SZ","000711","京蓝科技","黑龙江","环境保护","主板","19970411"
"254","000712.SZ","000712","锦龙股份","广东","证券","主板","19970415"
"255","000713.SZ","000713","丰乐种业","安徽","种植业","主板","19970422"
"256","000715.SZ","000715","中兴商业","辽宁","百货","主板","19970508"
"257","000716.SZ","000716","黑芝麻","广西","食品","主板","19970418"
"258","000717.SZ","000717","韶钢松山","广东","普钢","主板","19970508"
"259","000718.SZ","000718","苏宁环球","吉林","区域地产","主板","19970408"
"260","000719.SZ","000719","中原传媒","河南","出版业","主板","19970331"
"261","000720.SZ","000720","新能泰山","山东","区域地产","主板","19970509"
"262","000721.SZ","000721","西安饮食","陕西","酒店餐饮","主板","19970430"
"263","000722.SZ","000722","湖南发展","湖南","水力发电","主板","19970522"
"264","000723.SZ","000723","美锦能源","山西","焦炭加工","主板","19970515"
"265","000725.SZ","000725","京东方A","北京","元器件","主板","20010112"
"266","000726.SZ","000726","鲁泰A","山东","纺织","主板","20001225"
"267","000727.SZ","000727","冠捷科技","江苏","元器件","主板","19970520"
"268","000728.SZ","000728","国元证券","安徽","证券","主板","19970616"
"269","000729.SZ","000729","燕京啤酒","北京","啤酒","主板","19970716"
"270","000731.SZ","000731","四川美丰","四川","农药化肥","主板","19970617"
"271","000732.SZ","000732","泰禾集团","福建","区域地产","主板","19970704"
"272","000733.SZ","000733","振华科技","贵州","元器件","主板","19970703"
"273","000735.SZ","000735","罗牛山","海南","农业综合","主板","19970611"
"274","000736.SZ","000736","中交地产","重庆","全国地产","主板","19970425"
"275","000737.SZ","000737","南风化工","山西","日用化工","主板","19970428"
"276","000738.SZ","000738","航发控制","江苏","航空","主板","19970626"
"277","000739.SZ","000739","普洛药业","浙江","化学制药","主板","19970509"
"278","000750.SZ","000750","国海证券","广西","证券","主板","19970709"
"279","000751.SZ","000751","锌业股份","辽宁","铅锌","主板","19970626"
"280","000752.SZ","000752","*ST西发","西藏","啤酒","主板","19970625"
"281","000753.SZ","000753","漳州发展","福建","汽车服务","主板","19970626"
"282","000755.SZ","000755","山西路桥","山西","路桥","主板","19970627"
"283","000756.SZ","000756","新华制药","山东","化学制药","主板","19970806"
"284","000757.SZ","000757","浩物股份","四川","汽车配件","主板","19970627"
"285","000758.SZ","000758","中色股份","北京","铅锌","主板","19970416"
"286","000759.SZ","000759","中百集团","湖北","超市连锁","主板","19970519"
"287","000761.SZ","000761","本钢板材","辽宁","普钢","主板","19980115"
"288","000762.SZ","000762","西藏矿业","西藏","小金属","主板","19970708"
"289","000766.SZ","000766","通化金马","吉林","化学制药","主板","19970430"
"290","000767.SZ","000767","晋控电力","山西","火力发电","主板","19970609"
"291","000768.SZ","000768","中航西飞","陕西","航空","主板","19970626"
"292","000776.SZ","000776","广发证券","广东","证券","主板","19970611"
"293","000777.SZ","000777","中核科技","江苏","机械基件","主板","19970710"
"294","000778.SZ","000778","新兴铸管","河北","钢加工","主板","19970606"
"295","000779.SZ","000779","甘咨询","甘肃","建筑工程","主板","19970528"
"296","000780.SZ","000780","ST平能","内蒙","煤炭开采","主板","19970606"
"297","000782.SZ","000782","美达股份","广东","化纤","主板","19970619"
"298","000783.SZ","000783","长江证券","湖北","证券","主板","19970731"
"299","000785.SZ","000785","居然之家","湖北","百货","主板","19970711"
"300","000786.SZ","000786","北新建材","北京","其他建材","主板","19970606"
"301","000788.SZ","000788","北大医药","重庆","化学制药","主板","19970616"
"302","000789.SZ","000789","万年青","江西","水泥","主板","19970923"
"303","000790.SZ","000790","华神科技","四川","中成药","主板","19980327"
"304","000791.SZ","000791","甘肃电投","甘肃","水力发电","主板","19971014"
"305","000792.SZ","000792","盐湖股份","青海","化工原料","主板","19970904"
"306","000793.SZ","000793","华闻集团","海南","出版业","主板","19970729"
"307","000795.SZ","000795","英洛华","浙江","矿物制品","主板","19970808"
"308","000796.SZ","000796","凯撒旅业","海南","旅游服务","主板","19970703"
"309","000797.SZ","000797","中国武夷","福建","全国地产","主板","19970715"
"310","000798.SZ","000798","中水渔业","北京","渔业","主板","19980212"
"311","000799.SZ","000799","酒鬼酒","湖南","白酒","主板","19970718"
"312","000800.SZ","000800","一汽解放","吉林","汽车整车","主板","19970618"
"313","000801.SZ","000801","四川九洲","四川","家用电器","主板","19980506"
"314","000802.SZ","000802","ST北文","北京","影视音像","主板","19980108"
"315","000803.SZ","000803","北清环能","四川","环境保护","主板","19980303"
"316","000806.SZ","000806","ST银河","广西","电气设备","主板","19980416"
"317","000807.SZ","000807","云铝股份","云南","铝","主板","19980408"
"318","000809.SZ","000809","铁岭新城","辽宁","区域地产","主板","19980616"
"319","000810.SZ","000810","创维数字","四川","家用电器","主板","19980602"
"320","000811.SZ","000811","冰轮环境","山东","工程机械","主板","19980528"
"321","000812.SZ","000812","陕西金叶","陕西","广告包装","主板","19980623"
"322","000813.SZ","000813","德展健康","新疆","化学制药","主板","19980519"
"323","000815.SZ","000815","美利云","宁夏","造纸","主板","19980609"
"324","000816.SZ","000816","智慧农业","江苏","农用机械","主板","19970818"
"325","000818.SZ","000818","航锦科技","辽宁","化工原料","主板","19971017"
"326","000819.SZ","000819","岳阳兴长","湖南","石油加工","主板","19970625"
"327","000820.SZ","000820","*ST节能","辽宁","环境保护","主板","19980630"
"328","000821.SZ","000821","京山轻机","湖北","轻工机械","主板","19980626"
"329","000822.SZ","000822","山东海化","山东","化工原料","主板","19980703"
"330","000823.SZ","000823","超声电子","广东","元器件","主板","19971008"
"331","000825.SZ","000825","太钢不锈","山西","特种钢","主板","19981021"
"332","000826.SZ","000826","启迪环境","湖北","环境保护","主板","19980225"
"333","000828.SZ","000828","东莞控股","广东","路桥","主板","19970617"
"334","000829.SZ","000829","天音控股","江西","其他商业","主板","19971202"
"335","000830.SZ","000830","鲁西化工","山东","农药化肥","主板","19980807"
"336","000831.SZ","000831","五矿稀土","山西","小金属","主板","19980911"
"337","000833.SZ","000833","粤桂股份","广西","食品","主板","19981111"
"338","000835.SZ","000835","*ST长动","四川","影视音像","主板","19990625"
"339","000836.SZ","000836","富通信息","天津","通信设备","主板","19970929"
"340","000837.SZ","000837","秦川机床","陕西","机床制造","主板","19980928"
"341","000838.SZ","000838","财信发展","重庆","区域地产","主板","19970626"
"342","000839.SZ","000839","中信国安","北京","综合类","主板","19971031"
"343","000848.SZ","000848","承德露露","河北","软饮料","主板","19971113"
"344","000850.SZ","000850","华茂股份","安徽","纺织","主板","19981007"
"345","000851.SZ","000851","高鸿股份","贵州","通信设备","主板","19980609"
"346","000852.SZ","000852","石化机械","湖北","化工机械","主板","19981126"
"347","000856.SZ","000856","冀东装备","河北","机械基件","主板","19980813"
"348","000858.SZ","000858","五粮液","四川","白酒","主板","19980427"
"349","000859.SZ","000859","国风塑业","安徽","塑料","主板","19981119"
"350","000860.SZ","000860","顺鑫农业","北京","白酒","主板","19981104"
"351","000861.SZ","000861","海印股份","广东","其他商业","主板","19981028"
"352","000862.SZ","000862","银星能源","宁夏","新型电力","主板","19980915"
"353","000863.SZ","000863","三湘印象","上海","区域地产","主板","19970925"
"354","000868.SZ","000868","安凯客车","安徽","汽车整车","主板","19970725"
"355","000869.SZ","000869","张裕A","山东","红黄酒","主板","20001026"
"356","000875.SZ","000875","吉电股份","吉林","火力发电","主板","20020926"
"357","000876.SZ","000876","新希望","四川","饲料","主板","19980311"
"358","000877.SZ","000877","天山股份","新疆","水泥","主板","19990107"
"359","000878.SZ","000878","云南铜业","云南","铜","主板","19980602"
"360","000880.SZ","000880","潍柴重机","山东","机械基件","主板","19980402"
"361","000881.SZ","000881","中广核技","辽宁","综合类","主板","19980902"
"362","000882.SZ","000882","华联股份","北京","其他商业","主板","19980616"
"363","000883.SZ","000883","湖北能源","湖北","火力发电","主板","19980519"
"364","000885.SZ","000885","城发环境","河南","路桥","主板","19990319"
"365","000886.SZ","000886","海南高速","海南","路桥","主板","19980123"
"366","000887.SZ","000887","中鼎股份","安徽","汽车配件","主板","19981203"
"367","000888.SZ","000888","峨眉山A","四川","旅游景点","主板","19971021"
"368","000889.SZ","000889","中嘉博创","河北","通信设备","主板","19971218"
"369","000890.SZ","000890","法尔胜","江苏","钢加工","主板","19990119"
"370","000892.SZ","000892","欢瑞世纪","重庆","影视音像","主板","19990115"
"371","000893.SZ","000893","亚钾国际","广东","农药化肥","主板","19981224"
"372","000895.SZ","000895","双汇发展","河南","食品","主板","19981210"
"373","000897.SZ","000897","津滨发展","天津","区域地产","主板","19990422"
"374","000898.SZ","000898","鞍钢股份","辽宁","普钢","主板","19971225"
"375","000899.SZ","000899","赣能股份","江西","火力发电","主板","19971126"
"376","000900.SZ","000900","现代投资","湖南","路桥","主板","19990128"
"377","000901.SZ","000901","航天科技","黑龙江","汽车配件","主板","19990401"
"378","000902.SZ","000902","新洋丰","湖北","农药化肥","主板","19990408"
"379","000903.SZ","000903","云内动力","云南","汽车配件","主板","19990415"
"380","000905.SZ","000905","厦门港务","福建","港口","主板","19990429"
"381","000906.SZ","000906","浙商中拓","浙江","批发业","主板","19990707"
"382","000908.SZ","000908","景峰医药","湖南","化学制药","主板","19990203"
"383","000909.SZ","000909","数源科技","浙江","综合类","主板","19990507"
"384","000910.SZ","000910","大亚圣象","江苏","家居用品","主板","19990630"
"385","000911.SZ","000911","南宁糖业","广西","食品","主板","19990527"
"386","000912.SZ","000912","泸天化","四川","农药化肥","主板","19990603"
"387","000913.SZ","000913","钱江摩托","浙江","摩托车","主板","19990514"
"388","000915.SZ","000915","华特达因","山东","化学制药","主板","19990609"
"389","000917.SZ","000917","电广传媒","湖南","影视音像","主板","19990325"
"390","000918.SZ","000918","嘉凯城","浙江","全国地产","主板","19990720"
"391","000919.SZ","000919","金陵药业","江苏","化学制药","主板","19991118"
"392","000920.SZ","000920","沃顿科技","贵州","环境保护","主板","19990616"
"393","000921.SZ","000921","海信家电","广东","家用电器","主板","19990713"
"394","000922.SZ","000922","佳电股份","黑龙江","电气设备","主板","19990618"
"395","000923.SZ","000923","河钢资源","河北","普钢","主板","19990714"
"396","000925.SZ","000925","众合科技","浙江","专用机械","主板","19990611"
"397","000926.SZ","000926","福星股份","湖北","区域地产","主板","19990618"
"398","000927.SZ","000927","中国铁物","天津","批发业","主板","19990727"
"399","000928.SZ","000928","中钢国际","吉林","建筑工程","主板","19990312"
"400","000929.SZ","000929","兰州黄河","甘肃","啤酒","主板","19990623"
"401","000930.SZ","000930","中粮科技","安徽","农业综合","主板","19990712"
"402","000931.SZ","000931","中关村","北京","生物制药","主板","19990712"
"403","000932.SZ","000932","华菱钢铁","湖南","普钢","主板","19990803"
"404","000933.SZ","000933","神火股份","河南","铝","主板","19990831"
"405","000935.SZ","000935","四川双马","四川","水泥","主板","19990824"
"406","000936.SZ","000936","华西股份","江苏","化纤","主板","19990810"
"407","000937.SZ","000937","冀中能源","河北","煤炭开采","主板","19990909"
"408","000938.SZ","000938","紫光股份","北京","软件服务","主板","19991104"
"409","000948.SZ","000948","南天信息","云南","软件服务","主板","19991014"
"410","000949.SZ","000949","新乡化纤","河南","化纤","主板","19991021"
"411","000950.SZ","000950","重药控股","重庆","医药商业","主板","19990916"
"412","000951.SZ","000951","中国重汽","山东","汽车整车","主板","19991125"
"413","000952.SZ","000952","广济药业","湖北","化学制药","主板","19991112"
"414","000953.SZ","000953","河化股份","广西","化学制药","主板","19991202"
"415","000955.SZ","000955","欣龙控股","海南","纺织","主板","19991209"
"416","000957.SZ","000957","中通客车","山东","汽车整车","主板","20000113"
"417","000958.SZ","000958","东方能源","河北","多元金融","主板","19991223"
"418","000959.SZ","000959","首钢股份","北京","普钢","主板","19991216"
"419","000960.SZ","000960","锡业股份","云南","小金属","主板","20000221"
"420","000961.SZ","000961","中南建设","江苏","建筑工程","主板","20000301"
"421","000962.SZ","000962","东方钽业","宁夏","小金属","主板","20000120"
"422","000963.SZ","000963","华东医药","浙江","化学制药","主板","20000127"
"423","000965.SZ","000965","天保基建","天津","区域地产","主板","20000406"
"424","000966.SZ","000966","长源电力","湖北","火力发电","主板","20000316"
"425","000967.SZ","000967","盈峰环境","浙江","环境保护","主板","20000330"
"426","000968.SZ","000968","蓝焰控股","山西","石油开采","主板","20000622"
"427","000969.SZ","000969","安泰科技","北京","小金属","主板","20000529"
"428","000970.SZ","000970","中科三环","北京","元器件","主板","20000420"
"429","000971.SZ","000971","ST高升","湖北","互联网","主板","20000427"
"430","000972.SZ","000972","*ST中基","新疆","食品","主板","20000926"
"431","000973.SZ","000973","佛塑科技","广东","塑料","主板","20000525"
"432","000975.SZ","000975","银泰黄金","内蒙","黄金","主板","20000608"
"433","000976.SZ","000976","华铁股份","广东","运输设备","主板","20000601"
"434","000977.SZ","000977","浪潮信息","山东","IT设备","主板","20000608"
"435","000978.SZ","000978","桂林旅游","广西","旅游景点","主板","20000518"
"436","000980.SZ","000980","*ST众泰","浙江","汽车配件","主板","20000616"
"437","000981.SZ","000981","*ST银亿","甘肃","汽车配件","主板","20000622"
"438","000982.SZ","000982","中银绒业","宁夏","纺织","主板","20000706"
"439","000983.SZ","000983","山西焦煤","山西","煤炭开采","主板","20000726"
"440","000985.SZ","000985","大庆华科","黑龙江","化工原料","主板","20000726"
"441","000987.SZ","000987","越秀金控","广东","多元金融","主板","20000718"
"442","000988.SZ","000988","华工科技","湖北","电器仪表","主板","20000608"
"443","000989.SZ","000989","九芝堂","湖南","中成药","主板","20000628"
"444","000990.SZ","000990","诚志股份","江西","化工原料","主板","20000706"
"445","000993.SZ","000993","闽东电力","福建","水力发电","主板","20000731"
"446","000995.SZ","000995","皇台酒业","甘肃","白酒","主板","20000807"
"447","000996.SZ","000996","中国中期","北京","汽车服务","主板","20000718"
"448","000997.SZ","000997","新大陆","福建","软件服务","主板","20000807"
"449","000998.SZ","000998","隆平高科","湖南","种植业","主板","20001211"
"450","000999.SZ","000999","华润三九","深圳","中成药","主板","20000309"
"451","001201.SZ","001201","东瑞股份","广东","农业综合","主板","20210428"
"452","001202.SZ","001202","炬申股份","广东","仓储物流","主板","20210429"
"453","001203.SZ","001203","大中矿业","内蒙","普钢","主板","20210510"
"454","001205.SZ","001205","盛航股份","江苏","水运","主板","20210513"
"455","001206.SZ","001206","依依股份","天津","造纸","主板","20210518"
"456","001207.SZ","001207","联科科技","山东","化工原料","主板","20210623"
"457","001208.SZ","001208","华菱线缆","湖南","电气设备","主板","20210624"
"458","001209.SZ","001209","洪兴股份","广东","服饰","主板","20210723"
"459","001210.SZ","001210","金房节能","北京","供气供热","主板","20210729"
"460","001211.SZ","001211","双枪科技","浙江","家居用品","主板","20210805"
"461","001212.SZ","001212","中旗新材","广东","其他建材","主板","20210823"
"462","001213.SZ","001213","中铁特货","北京","仓储物流","主板","20210908"
"463","001215.SZ","001215","千味央厨","河南","食品","主板","20210906"
"464","001216.SZ","001216","华瓷股份","湖南","家居用品","主板","20211019"
"465","001217.SZ","001217","华尔泰","安徽","化工原料","主板","20210929"
"466","001218.SZ","001218","丽臣实业","湖南","化工原料","主板","20211015"
"467","001219.SZ","001219","青岛食品","山东","食品","主板","20211021"
"468","001227.SZ","001227","兰州银行","甘肃","银行","主板","20220117"
"469","001234.SZ","001234","泰慕士","江苏","服饰","主板","20220111"
"470","001267.SZ","001267","汇绿生态","湖北","建筑工程","主板","20211117"
"471","001288.SZ","001288","运机集团","四川","专用机械","主板","20211101"
"472","001296.SZ","001296","长江材料","重庆","其他建材","主板","20211224"
"473","001317.SZ","001317","三羊马","重庆","仓储物流","主板","20211130"
"474","001696.SZ","001696","宗申动力","重庆","摩托车","主板","19970306"
"475","001872.SZ","001872","招商港口","深圳","港口","主板","19930505"
"476","001896.SZ","001896","豫能控股","河南","火力发电","主板","19980122"
"477","001914.SZ","001914","招商积余","深圳","房产服务","主板","19940928"
"478","001965.SZ","001965","招商公路","天津","路桥","主板","20171225"
"479","001979.SZ","001979","招商蛇口","深圳","全国地产","主板","20151230"
"480","002001.SZ","002001","新和成","浙江","化学制药","中小板","20040625"
"481","002002.SZ","002002","鸿达兴业","江苏","化工原料","中小板","20040625"
"482","002003.SZ","002003","伟星股份","浙江","服饰","中小板","20040625"
"483","002004.SZ","002004","华邦健康","重庆","化学制药","中小板","20040625"
"484","002005.SZ","002005","ST德豪","安徽","家用电器","中小板","20040625"
"485","002006.SZ","002006","精功科技","浙江","专用机械","中小板","20040625"
"486","002007.SZ","002007","华兰生物","河南","生物制药","中小板","20040625"
"487","002008.SZ","002008","大族激光","深圳","电器仪表","中小板","20040625"
"488","002009.SZ","002009","天奇股份","江苏","工程机械","中小板","20040629"
"489","002010.SZ","002010","传化智联","浙江","仓储物流","中小板","20040629"
"490","002011.SZ","002011","盾安环境","浙江","家用电器","中小板","20040705"
"491","002012.SZ","002012","凯恩股份","浙江","造纸","中小板","20040705"
"492","002013.SZ","002013","中航机电","湖北","航空","中小板","20040705"
"493","002014.SZ","002014","永新股份","安徽","塑料","中小板","20040708"
"494","002015.SZ","002015","协鑫能科","江苏","新型电力","中小板","20040708"
"495","002016.SZ","002016","世荣兆业","广东","区域地产","中小板","20040708"
"496","002017.SZ","002017","东信和平","广东","通信设备","中小板","20040713"
"497","002019.SZ","002019","亿帆医药","浙江","化学制药","中小板","20040713"
"498","002020.SZ","002020","京新药业","浙江","化学制药","中小板","20040715"
"499","002021.SZ","002021","ST中捷","浙江","纺织机械","中小板","20040715"
"500","002022.SZ","002022","科华生物","上海","医疗保健","中小板","20040721"
"501","002023.SZ","002023","海特高新","四川","航空","中小板","20040721"
"502","002024.SZ","002024","苏宁易购","江苏","电器连锁","中小板","20040721"
"503","002025.SZ","002025","航天电器","贵州","元器件","中小板","20040726"
"504","002026.SZ","002026","山东威达","山东","机械基件","中小板","20040727"
"505","002027.SZ","002027","分众传媒","广东","影视音像","中小板","20040804"
"506","002028.SZ","002028","思源电气","上海","电气设备","中小板","20040805"
"507","002029.SZ","002029","七匹狼","福建","服饰","中小板","20040806"
"508","002030.SZ","002030","达安基因","广东","医疗保健","中小板","20040809"
"509","002031.SZ","002031","巨轮智能","广东","汽车配件","中小板","20040816"
"510","002032.SZ","002032","苏泊尔","浙江","家用电器","中小板","20040817"
"511","002033.SZ","002033","丽江股份","云南","旅游景点","中小板","20040825"
"512","002034.SZ","002034","旺能环境","浙江","环境保护","中小板","20040826"
"513","002035.SZ","002035","华帝股份","广东","家用电器","中小板","20040901"
"514","002036.SZ","002036","联创电子","江西","元器件","中小板","20040903"
"515","002037.SZ","002037","保利联合","贵州","化工原料","中小板","20040908"
"516","002038.SZ","002038","双鹭药业","北京","生物制药","中小板","20040909"
"517","002039.SZ","002039","黔源电力","贵州","水力发电","中小板","20050303"
"518","002040.SZ","002040","南京港","江苏","港口","中小板","20050325"
"519","002041.SZ","002041","登海种业","山东","种植业","中小板","20050418"
"520","002042.SZ","002042","华孚时尚","安徽","纺织","中小板","20050427"
"521","002043.SZ","002043","兔宝宝","浙江","其他建材","中小板","20050510"
"522","002044.SZ","002044","美年健康","江苏","医疗保健","中小板","20050518"
"523","002045.SZ","002045","国光电器","广东","元器件","中小板","20050523"
"524","002046.SZ","002046","国机精工","河南","机械基件","中小板","20050526"
"525","002047.SZ","002047","宝鹰股份","深圳","装修装饰","中小板","20050531"
"526","002048.SZ","002048","宁波华翔","浙江","汽车配件","中小板","20050603"
"527","002049.SZ","002049","紫光国微","河北","元器件","中小板","20050606"
"528","002050.SZ","002050","三花智控","浙江","家用电器","中小板","20050607"
"529","002051.SZ","002051","中工国际","北京","建筑工程","中小板","20060619"
"530","002052.SZ","002052","ST同洲","深圳","家用电器","中小板","20060627"
"531","002053.SZ","002053","云南能投","云南","食品","中小板","20060627"
"532","002054.SZ","002054","德美化工","广东","化工原料","中小板","20060725"
"533","002055.SZ","002055","得润电子","深圳","元器件","中小板","20060725"
"534","002056.SZ","002056","横店东磁","浙江","元器件","中小板","20060802"
"535","002057.SZ","002057","中钢天源","安徽","元器件","中小板","20060802"
"536","002058.SZ","002058","*ST威尔","上海","电器仪表","中小板","20060802"
"537","002059.SZ","002059","云南旅游","云南","旅游景点","中小板","20060810"
"538","002060.SZ","002060","粤水电","广东","建筑工程","中小板","20060810"
"539","002061.SZ","002061","浙江交科","浙江","建筑工程","中小板","20060816"
"540","002062.SZ","002062","宏润建设","浙江","建筑工程","中小板","20060816"
"541","002063.SZ","002063","远光软件","广东","软件服务","中小板","20060823"
"542","002064.SZ","002064","华峰化学","浙江","化纤","中小板","20060823"
"543","002065.SZ","002065","东华软件","北京","软件服务","中小板","20060823"
"544","002066.SZ","002066","瑞泰科技","北京","其他建材","中小板","20060823"
"545","002067.SZ","002067","景兴纸业","浙江","造纸","中小板","20060915"
"546","002068.SZ","002068","黑猫股份","江西","化工原料","中小板","20060915"
"547","002069.SZ","002069","獐子岛","辽宁","渔业","中小板","20060928"
"548","002072.SZ","002072","*ST凯瑞","山东","商贸代理","中小板","20061018"
"549","002073.SZ","002073","软控股份","山东","软件服务","中小板","20061018"
"550","002074.SZ","002074","国轩高科","安徽","电气设备","中小板","20061018"
"551","002075.SZ","002075","沙钢股份","江苏","特种钢","中小板","20061025"
"552","002076.SZ","002076","ST雪莱","广东","家用电器","中小板","20061025"
"553","002077.SZ","002077","大港股份","江苏","半导体","中小板","20061116"
"554","002078.SZ","002078","太阳纸业","山东","造纸","中小板","20061116"
"555","002079.SZ","002079","苏州固锝","江苏","半导体","中小板","20061116"
"556","002080.SZ","002080","中材科技","江苏","化纤","中小板","20061120"
"557","002081.SZ","002081","金螳螂","江苏","装修装饰","中小板","20061120"
"558","002082.SZ","002082","万邦德","浙江","中成药","中小板","20061120"
"559","002083.SZ","002083","孚日股份","山东","纺织","中小板","20061124"
"560","002084.SZ","002084","海鸥住工","广东","家居用品","中小板","20061124"
"561","002085.SZ","002085","万丰奥威","浙江","汽车配件","中小板","20061128"
"562","002086.SZ","002086","ST东洋","山东","渔业","中小板","20061128"
"563","002087.SZ","002087","新野纺织","河南","纺织","中小板","20061130"
"564","002088.SZ","002088","鲁阳节能","山东","矿物制品","中小板","20061130"
"565","002089.SZ","002089","ST新海","江苏","通信设备","中小板","20061130"
"566","002090.SZ","002090","金智科技","江苏","软件服务","中小板","20061208"
"567","002091.SZ","002091","江苏国泰","江苏","商贸代理","中小板","20061208"
"568","002092.SZ","002092","中泰化学","新疆","化工原料","中小板","20061208"
"569","002093.SZ","002093","国脉科技","福建","电信运营","中小板","20061215"
"570","002094.SZ","002094","青岛金王","山东","日用化工","中小板","20061215"
"571","002095.SZ","002095","生意宝","浙江","互联网","中小板","20061215"
"572","002096.SZ","002096","南岭民爆","湖南","化工原料","中小板","20061222"
"573","002097.SZ","002097","山河智能","湖南","工程机械","中小板","20061222"
"574","002098.SZ","002098","浔兴股份","福建","服饰","中小板","20061222"
"575","002099.SZ","002099","海翔药业","浙江","化学制药","中小板","20061226"
"576","002100.SZ","002100","天康生物","新疆","饲料","中小板","20061226"
"577","002101.SZ","002101","广东鸿图","广东","汽车配件","中小板","20061229"
"578","002102.SZ","002102","ST冠福","福建","化学制药","中小板","20061229"
"579","002103.SZ","002103","广博股份","浙江","文教休闲","中小板","20070110"
"580","002104.SZ","002104","恒宝股份","江苏","元器件","中小板","20070110"
"581","002105.SZ","002105","信隆健康","深圳","摩托车","中小板","20070112"
"582","002106.SZ","002106","莱宝高科","深圳","元器件","中小板","20070112"
"583","002107.SZ","002107","沃华医药","山东","中成药","中小板","20070124"
"584","002108.SZ","002108","沧州明珠","河北","塑料","中小板","20070124"
"585","002109.SZ","002109","兴化股份","陕西","化工原料","中小板","20070126"
"586","002110.SZ","002110","三钢闽光","福建","普钢","中小板","20070126"
"587","002111.SZ","002111","威海广泰","山东","航空","中小板","20070126"
"588","002112.SZ","002112","三变科技","浙江","电气设备","中小板","20070208"
"589","002113.SZ","002113","ST天润","湖南","互联网","中小板","20070208"
"590","002114.SZ","002114","罗平锌电","云南","铅锌","中小板","20070215"
"591","002115.SZ","002115","三维通信","浙江","广告包装","中小板","20070215"
"592","002116.SZ","002116","中国海诚","上海","建筑工程","中小板","20070215"
"593","002117.SZ","002117","东港股份","山东","广告包装","中小板","20070302"
"594","002118.SZ","002118","紫鑫药业","吉林","中成药","中小板","20070302"
"595","002119.SZ","002119","康强电子","浙江","半导体","中小板","20070302"
"596","002120.SZ","002120","韵达股份","浙江","仓储物流","中小板","20070306"
"597","002121.SZ","002121","科陆电子","深圳","电器仪表","中小板","20070306"
"598","002122.SZ","002122","ST天马","浙江","机械基件","中小板","20070328"
"599","002123.SZ","002123","梦网科技","辽宁","互联网","中小板","20070328"
"600","002124.SZ","002124","天邦股份","浙江","饲料","中小板","20070403"
"601","002125.SZ","002125","湘潭电化","湖南","化工原料","中小板","20070403"
"602","002126.SZ","002126","银轮股份","浙江","汽车配件","中小板","20070418"
"603","002127.SZ","002127","南极电商","江苏","互联网","中小板","20070418"
"604","002128.SZ","002128","电投能源","内蒙","煤炭开采","中小板","20070418"
"605","002129.SZ","002129","中环股份","天津","电气设备","中小板","20070420"
"606","002130.SZ","002130","沃尔核材","深圳","电气设备","中小板","20070420"
"607","002131.SZ","002131","利欧股份","浙江","互联网","中小板","20070427"
"608","002132.SZ","002132","恒星科技","河南","钢加工","中小板","20070427"
"609","002133.SZ","002133","广宇集团","浙江","全国地产","中小板","20070427"
"610","002134.SZ","002134","天津普林","天津","元器件","中小板","20070516"
"611","002135.SZ","002135","东南网架","浙江","建筑工程","中小板","20070530"
"612","002136.SZ","002136","安纳达","安徽","化工原料","中小板","20070530"
"613","002137.SZ","002137","实益达","深圳","通信设备","中小板","20070613"
"614","002138.SZ","002138","顺络电子","深圳","元器件","中小板","20070613"
"615","002139.SZ","002139","拓邦股份","深圳","元器件","中小板","20070629"
"616","002140.SZ","002140","东华科技","安徽","建筑工程","中小板","20070712"
"617","002141.SZ","002141","贤丰控股","广东","电气设备","中小板","20070720"
"618","002142.SZ","002142","宁波银行","浙江","银行","中小板","20070719"
"619","002144.SZ","002144","宏达高科","浙江","纺织","中小板","20070803"
"620","002145.SZ","002145","中核钛白","甘肃","化工原料","中小板","20070803"
"621","002146.SZ","002146","荣盛发展","河北","全国地产","中小板","20070808"
"622","002147.SZ","002147","*ST新光","安徽","区域地产","中小板","20070808"
"623","002148.SZ","002148","北纬科技","北京","互联网","中小板","20070810"
"624","002149.SZ","002149","西部材料","陕西","小金属","中小板","20070810"
"625","002150.SZ","002150","通润装备","江苏","机械基件","中小板","20070810"
"626","002151.SZ","002151","北斗星通","北京","通信设备","中小板","20070813"
"627","002152.SZ","002152","广电运通","广东","IT设备","中小板","20070813"
"628","002153.SZ","002153","石基信息","北京","软件服务","中小板","20070813"
"629","002154.SZ","002154","报喜鸟","浙江","服饰","中小板","20070816"
"630","002155.SZ","002155","湖南黄金","湖南","黄金","中小板","20070816"
"631","002156.SZ","002156","通富微电","江苏","半导体","中小板","20070816"
"632","002157.SZ","002157","正邦科技","江西","饲料","中小板","20070817"
"633","002158.SZ","002158","汉钟精机","上海","工程机械","中小板","20070817"
"634","002159.SZ","002159","三特索道","湖北","旅游服务","中小板","20070817"
"635","002160.SZ","002160","常铝股份","江苏","铝","中小板","20070821"
"636","002161.SZ","002161","远望谷","深圳","通信设备","中小板","20070821"
"637","002162.SZ","002162","悦心健康","上海","陶瓷","中小板","20070823"
"638","002163.SZ","002163","海南发展","深圳","装修装饰","中小板","20070823"
"639","002164.SZ","002164","宁波东力","浙江","电气设备","中小板","20070823"
"640","002165.SZ","002165","红宝丽","江苏","化工原料","中小板","20070913"
"641","002166.SZ","002166","莱茵生物","广西","中成药","中小板","20070913"
"642","002167.SZ","002167","东方锆业","广东","小金属","中小板","20070913"
"643","002168.SZ","002168","惠程科技","深圳","互联网","中小板","20070919"
"644","002169.SZ","002169","智光电气","广东","电气设备","中小板","20070919"
"645","002170.SZ","002170","芭田股份","深圳","农药化肥","中小板","20070919"
"646","002171.SZ","002171","楚江新材","安徽","铜","中小板","20070921"
"647","002172.SZ","002172","澳洋健康","江苏","化纤","中小板","20070921"
"648","002173.SZ","002173","创新医疗","浙江","医疗保健","中小板","20070925"
"649","002174.SZ","002174","游族网络","福建","互联网","中小板","20070925"
"650","002175.SZ","002175","*ST东网","广西","电器仪表","中小板","20071012"
"651","002176.SZ","002176","江特电机","江西","电气设备","中小板","20071012"
"652","002177.SZ","002177","御银股份","广东","IT设备","中小板","20071101"
"653","002178.SZ","002178","延华智能","上海","建筑工程","中小板","20071101"
"654","002179.SZ","002179","中航光电","河南","元器件","中小板","20071101"
"655","002180.SZ","002180","纳思达","广东","IT设备","中小板","20071113"
"656","002181.SZ","002181","粤传媒","广东","出版业","中小板","20071116"
"657","002182.SZ","002182","云海金属","江苏","小金属","中小板","20071113"
"658","002183.SZ","002183","怡亚通","深圳","仓储物流","中小板","20071113"
"659","002184.SZ","002184","海得控制","上海","软件服务","中小板","20071116"
"660","002185.SZ","002185","华天科技","甘肃","半导体","中小板","20071120"
"661","002186.SZ","002186","全聚德","北京","酒店餐饮","中小板","20071120"
"662","002187.SZ","002187","广百股份","广东","百货","中小板","20071122"
"663","002188.SZ","002188","*ST巴士","浙江","广告包装","中小板","20071122"
"664","002189.SZ","002189","中光学","河南","元器件","中小板","20071203"
"665","002190.SZ","002190","成飞集成","四川","汽车配件","中小板","20071203"
"666","002191.SZ","002191","劲嘉股份","深圳","广告包装","中小板","20071205"
"667","002192.SZ","002192","融捷股份","广东","小金属","中小板","20071205"
"668","002193.SZ","002193","如意集团","山东","纺织","中小板","20071207"
"669","002194.SZ","002194","武汉凡谷","湖北","通信设备","中小板","20071207"
"670","002195.SZ","002195","二三四五","上海","软件服务","中小板","20071212"
"671","002196.SZ","002196","方正电机","浙江","纺织机械","中小板","20071212"
"672","002197.SZ","002197","证通电子","深圳","电器仪表","中小板","20071218"
"673","002198.SZ","002198","嘉应制药","广东","中成药","中小板","20071218"
"674","002199.SZ","002199","东晶电子","浙江","元器件","中小板","20071221"
"675","002200.SZ","002200","ST云投","云南","环境保护","中小板","20071221"
"676","002201.SZ","002201","正威新材","江苏","玻璃","中小板","20071226"
"677","002202.SZ","002202","金风科技","新疆","电气设备","中小板","20071226"
"678","002203.SZ","002203","海亮股份","浙江","铜","中小板","20080116"
"679","002204.SZ","002204","大连重工","辽宁","专用机械","中小板","20080116"
"680","002205.SZ","002205","国统股份","新疆","其他建材","中小板","20080123"
"681","002206.SZ","002206","海利得","浙江","化纤","中小板","20080123"
"682","002207.SZ","002207","准油股份","新疆","石油开采","中小板","20080128"
"683","002208.SZ","002208","合肥城建","安徽","区域地产","中小板","20080128"
"684","002209.SZ","002209","达意隆","广东","轻工机械","中小板","20080130"
"685","002210.SZ","002210","飞马国际","深圳","仓储物流","中小板","20080130"
"686","002211.SZ","002211","宏达新材","上海","橡胶","中小板","20080201"
"687","002212.SZ","002212","天融信","广东","软件服务","中小板","20080201"
"688","002213.SZ","002213","大为股份","深圳","汽车配件","中小板","20080201"
"689","002214.SZ","002214","大立科技","浙江","电器仪表","中小板","20080218"
"690","002215.SZ","002215","诺普信","深圳","农药化肥","中小板","20080218"
"691","002216.SZ","002216","三全食品","河南","食品","中小板","20080220"
"692","002217.SZ","002217","合力泰","福建","元器件","中小板","20080220"
"693","002218.SZ","002218","拓日新能","深圳","电气设备","中小板","20080228"
"694","002219.SZ","002219","*ST恒康","甘肃","医疗保健","中小板","20080306"
"695","002221.SZ","002221","东华能源","江苏","石油贸易","中小板","20080306"
"696","002222.SZ","002222","福晶科技","福建","元器件","中小板","20080319"
"697","002223.SZ","002223","鱼跃医疗","江苏","医疗保健","中小板","20080418"
"698","002224.SZ","002224","三力士","浙江","橡胶","中小板","20080425"
"699","002225.SZ","002225","濮耐股份","河南","其他建材","中小板","20080425"
"700","002226.SZ","002226","江南化工","安徽","化工原料","中小板","20080506"
"701","002227.SZ","002227","奥特迅","深圳","电气设备","中小板","20080506"
"702","002228.SZ","002228","合兴包装","福建","广告包装","中小板","20080508"
"703","002229.SZ","002229","鸿博股份","福建","广告包装","中小板","20080508"
"704","002230.SZ","002230","科大讯飞","安徽","软件服务","中小板","20080512"
"705","002231.SZ","002231","奥维通信","辽宁","通信设备","中小板","20080512"
"706","002232.SZ","002232","启明信息","吉林","软件服务","中小板","20080509"
"707","002233.SZ","002233","塔牌集团","广东","水泥","中小板","20080516"
"708","002234.SZ","002234","民和股份","山东","农业综合","中小板","20080516"
"709","002235.SZ","002235","安妮股份","福建","造纸","中小板","20080516"
"710","002236.SZ","002236","大华股份","浙江","电器仪表","中小板","20080520"
"711","002237.SZ","002237","恒邦股份","山东","黄金","中小板","20080520"
"712","002238.SZ","002238","天威视讯","深圳","影视音像","中小板","20080526"
"713","002239.SZ","002239","奥特佳","江苏","汽车配件","中小板","20080522"
"714","002240.SZ","002240","盛新锂能","四川","小金属","中小板","20080523"
"715","002241.SZ","002241","歌尔股份","山东","元器件","中小板","20080522"
"716","002242.SZ","002242","九阳股份","山东","家用电器","中小板","20080528"
"717","002243.SZ","002243","力合科创","深圳","塑料","中小板","20080528"
"718","002244.SZ","002244","滨江集团","浙江","区域地产","中小板","20080529"
"719","002245.SZ","002245","蔚蓝锂芯","江苏","电气设备","中小板","20080605"
"720","002246.SZ","002246","北化股份","四川","化工原料","中小板","20080605"
"721","002247.SZ","002247","聚力文化","浙江","其他建材","中小板","20080612"
"722","002248.SZ","002248","华东数控","山东","机床制造","中小板","20080612"
"723","002249.SZ","002249","大洋电机","广东","电气设备","中小板","20080619"
"724","002250.SZ","002250","联化科技","浙江","化工原料","中小板","20080619"
"725","002251.SZ","002251","步步高","湖南","超市连锁","中小板","20080619"
"726","002252.SZ","002252","上海莱士","上海","生物制药","中小板","20080623"
"727","002253.SZ","002253","川大智胜","四川","软件服务","中小板","20080623"
"728","002254.SZ","002254","泰和新材","山东","化纤","中小板","20080625"
"729","002255.SZ","002255","海陆重工","江苏","专用机械","中小板","20080625"
"730","002256.SZ","002256","兆新股份","深圳","新型电力","中小板","20080625"
"731","002258.SZ","002258","利尔化学","四川","农药化肥","中小板","20080708"
"732","002259.SZ","002259","ST升达","四川","供气供热","中小板","20080716"
"733","002261.SZ","002261","拓维信息","湖南","互联网","中小板","20080723"
"734","002262.SZ","002262","恩华药业","江苏","化学制药","中小板","20080723"
"735","002263.SZ","002263","大东南","浙江","塑料","中小板","20080728"
"736","002264.SZ","002264","新华都","福建","超市连锁","中小板","20080731"
"737","002265.SZ","002265","西仪股份","云南","汽车配件","中小板","20080806"
"738","002266.SZ","002266","浙富控股","浙江","环境保护","中小板","20080806"
"739","002267.SZ","002267","陕天然气","陕西","供气供热","中小板","20080813"
"740","002268.SZ","002268","卫士通","四川","软件服务","中小板","20080811"
"741","002269.SZ","002269","美邦服饰","上海","服饰","中小板","20080828"
"742","002270.SZ","002270","华明装备","山东","电气设备","中小板","20080905"
"743","002271.SZ","002271","东方雨虹","北京","其他建材","中小板","20080910"
"744","002272.SZ","002272","川润股份","四川","机械基件","中小板","20080919"
"745","002273.SZ","002273","水晶光电","浙江","元器件","中小板","20080919"
"746","002274.SZ","002274","华昌化工","江苏","农药化肥","中小板","20080925"
"747","002275.SZ","002275","桂林三金","广西","中成药","中小板","20090710"
"748","002276.SZ","002276","万马股份","浙江","电气设备","中小板","20090710"
"749","002277.SZ","002277","友阿股份","湖南","百货","中小板","20090717"
"750","002278.SZ","002278","神开股份","上海","化工机械","中小板","20090811"
"751","002279.SZ","002279","久其软件","北京","软件服务","中小板","20090811"
"752","002280.SZ","002280","联络互动","浙江","软件服务","中小板","20090821"
"753","002281.SZ","002281","光迅科技","湖北","通信设备","中小板","20090821"
"754","002282.SZ","002282","博深股份","河北","轻工机械","中小板","20090821"
"755","002283.SZ","002283","天润工业","山东","汽车配件","中小板","20090821"
"756","002284.SZ","002284","亚太股份","浙江","汽车配件","中小板","20090828"
"757","002285.SZ","002285","世联行","深圳","房产服务","中小板","20090828"
"758","002286.SZ","002286","保龄宝","山东","食品","中小板","20090828"
"759","002287.SZ","002287","奇正藏药","西藏","中成药","中小板","20090828"
"760","002288.SZ","002288","超华科技","广东","元器件","中小板","20090903"
"761","002289.SZ","002289","宇顺电子","深圳","元器件","中小板","20090903"
"762","002290.SZ","002290","禾盛新材","江苏","家用电器","中小板","20090903"
"763","002291.SZ","002291","星期六","广东","服饰","中小板","20090903"
"764","002292.SZ","002292","奥飞娱乐","广东","影视音像","中小板","20090910"
"765","002293.SZ","002293","罗莱生活","江苏","纺织","中小板","20090910"
"766","002294.SZ","002294","信立泰","深圳","化学制药","中小板","20090910"
"767","002295.SZ","002295","精艺股份","广东","铜","中小板","20090929"
"768","002296.SZ","002296","辉煌科技","河南","通信设备","中小板","20090929"
"769","002297.SZ","002297","博云新材","湖南","矿物制品","中小板","20090929"
"770","002298.SZ","002298","中电兴发","安徽","软件服务","中小板","20090929"
"771","002299.SZ","002299","圣农发展","福建","农业综合","中小板","20091021"
"772","002300.SZ","002300","太阳电缆","福建","电气设备","中小板","20091021"
"773","002301.SZ","002301","齐心集团","深圳","文教休闲","中小板","20091021"
"774","002302.SZ","002302","西部建设","新疆","水泥","中小板","20091103"
"775","002303.SZ","002303","美盈森","深圳","造纸","中小板","20091103"
"776","002304.SZ","002304","洋河股份","江苏","白酒","中小板","20091106"
"777","002305.SZ","002305","南国置业","湖北","区域地产","中小板","20091106"
"778","002306.SZ","002306","中科云网","北京","互联网","中小板","20091111"
"779","002307.SZ","002307","北新路桥","新疆","建筑工程","中小板","20091111"
"780","002308.SZ","002308","威创股份","广东","IT设备","中小板","20091127"
"781","002309.SZ","002309","中利集团","江苏","电气设备","中小板","20091127"
"782","002310.SZ","002310","东方园林","北京","建筑工程","中小板","20091127"
"783","002311.SZ","002311","海大集团","广东","饲料","中小板","20091127"
"784","002312.SZ","002312","川发龙蟒","四川","化工原料","中小板","20091203"
"785","002313.SZ","002313","日海智能","深圳","通信设备","中小板","20091203"
"786","002314.SZ","002314","南山控股","深圳","区域地产","中小板","20091203"
"787","002315.SZ","002315","焦点科技","江苏","互联网","中小板","20091209"
"788","002316.SZ","002316","亚联发展","深圳","软件服务","中小板","20091209"
"789","002317.SZ","002317","众生药业","广东","中成药","中小板","20091211"
"790","002318.SZ","002318","久立特材","浙江","特种钢","中小板","20091211"
"791","002319.SZ","002319","乐通股份","广东","染料涂料","中小板","20091211"
"792","002320.SZ","002320","海峡股份","海南","水运","中小板","20091216"
"793","002321.SZ","002321","*ST华英","河南","农业综合","中小板","20091216"
"794","002322.SZ","002322","理工环科","浙江","软件服务","中小板","20091218"
"795","002323.SZ","002323","*ST雅博","山东","建筑工程","中小板","20091218"
"796","002324.SZ","002324","普利特","上海","塑料","中小板","20091218"
"797","002325.SZ","002325","洪涛股份","深圳","装修装饰","中小板","20091222"
"798","002326.SZ","002326","永太科技","浙江","化工原料","中小板","20091222"
"799","002327.SZ","002327","富安娜","深圳","纺织","中小板","20091230"
"800","002328.SZ","002328","新朋股份","上海","汽车配件","中小板","20091230"
"801","002329.SZ","002329","皇氏集团","广西","乳制品","中小板","20100106"
"802","002330.SZ","002330","得利斯","山东","食品","中小板","20100106"
"803","002331.SZ","002331","皖通科技","安徽","软件服务","中小板","20100106"
"804","002332.SZ","002332","仙琚制药","浙江","生物制药","中小板","20100112"
"805","002333.SZ","002333","罗普斯金","江苏","铝","中小板","20100112"
"806","002334.SZ","002334","英威腾","深圳","电气设备","中小板","20100113"
"807","002335.SZ","002335","科华数据","福建","电气设备","中小板","20100113"
"808","002336.SZ","002336","人人乐","深圳","超市连锁","中小板","20100113"
"809","002337.SZ","002337","赛象科技","天津","化工机械","中小板","20100115"
"810","002338.SZ","002338","奥普光电","吉林","电器仪表","中小板","20100115"
"811","002339.SZ","002339","积成电子","山东","电气设备","中小板","20100122"
"812","002340.SZ","002340","格林美","深圳","小金属","中小板","20100122"
"813","002341.SZ","002341","新纶新材","深圳","化工原料","中小板","20100122"
"814","002342.SZ","002342","巨力索具","河北","机械基件","中小板","20100126"
"815","002343.SZ","002343","慈文传媒","浙江","影视音像","中小板","20100126"
"816","002344.SZ","002344","海宁皮城","浙江","商品城","中小板","20100126"
"817","002345.SZ","002345","潮宏基","广东","服饰","中小板","20100128"
"818","002346.SZ","002346","柘中股份","上海","电气设备","中小板","20100128"
"819","002347.SZ","002347","泰尔股份","安徽","机械基件","中小板","20100128"
"820","002348.SZ","002348","高乐股份","广东","文教休闲","中小板","20100203"
"821","002349.SZ","002349","精华制药","江苏","中成药","中小板","20100203"
"822","002350.SZ","002350","北京科锐","北京","电气设备","中小板","20100203"
"823","002351.SZ","002351","漫步者","深圳","IT设备","中小板","20100205"
"824","002352.SZ","002352","顺丰控股","深圳","仓储物流","中小板","20100205"
"825","002353.SZ","002353","杰瑞股份","山东","化工机械","中小板","20100205"
"826","002354.SZ","002354","天神娱乐","辽宁","互联网","中小板","20100209"
"827","002355.SZ","002355","兴民智通","山东","汽车配件","中小板","20100209"
"828","002356.SZ","002356","*ST赫美","深圳","其他商业","中小板","20100209"
"829","002357.SZ","002357","富临运业","四川","公路","中小板","20100210"
"830","002358.SZ","002358","ST森源","河南","电气设备","中小板","20100210"
"831","002360.SZ","002360","同德化工","山西","化工原料","中小板","20100303"
"832","002361.SZ","002361","神剑股份","安徽","化工原料","中小板","20100303"
"833","002362.SZ","002362","汉王科技","北京","软件服务","中小板","20100303"
"834","002363.SZ","002363","隆基机械","山东","汽车配件","中小板","20100305"
"835","002364.SZ","002364","中恒电气","浙江","电气设备","中小板","20100305"
"836","002365.SZ","002365","永安药业","湖北","化学制药","中小板","20100305"
"837","002366.SZ","002366","台海核电","四川","专用机械","中小板","20100312"
"838","002367.SZ","002367","康力电梯","江苏","运输设备","中小板","20100312"
"839","002368.SZ","002368","太极股份","北京","软件服务","中小板","20100312"
"840","002369.SZ","002369","卓翼科技","深圳","通信设备","中小板","20100316"
"841","002370.SZ","002370","亚太药业","浙江","化学制药","中小板","20100316"
"842","002371.SZ","002371","北方华创","北京","半导体","中小板","20100316"
"843","002372.SZ","002372","伟星新材","浙江","其他建材","中小板","20100318"
"844","002373.SZ","002373","千方科技","北京","软件服务","中小板","20100318"
"845","002374.SZ","002374","中锐股份","山东","广告包装","中小板","20100318"
"846","002375.SZ","002375","亚厦股份","浙江","装修装饰","中小板","20100323"
"847","002376.SZ","002376","新北洋","山东","IT设备","中小板","20100323"
"848","002377.SZ","002377","国创高新","湖北","房产服务","中小板","20100323"
"849","002378.SZ","002378","章源钨业","江西","小金属","中小板","20100331"
"850","002379.SZ","002379","宏创控股","山东","铝","中小板","20100331"
"851","002380.SZ","002380","科远智慧","江苏","电气设备","中小板","20100331"
"852","002381.SZ","002381","双箭股份","浙江","橡胶","中小板","20100402"
"853","002382.SZ","002382","蓝帆医疗","山东","医疗保健","中小板","20100402"
"854","002383.SZ","002383","合众思壮","北京","通信设备","中小板","20100402"
"855","002384.SZ","002384","东山精密","江苏","元器件","中小板","20100409"
"856","002385.SZ","002385","大北农","北京","饲料","中小板","20100409"
"857","002386.SZ","002386","天原股份","四川","化工原料","中小板","20100409"
"858","002387.SZ","002387","维信诺","广东","元器件","中小板","20100413"
"859","002388.SZ","002388","新亚制程","深圳","元器件","中小板","20100413"
"860","002389.SZ","002389","航天彩虹","浙江","航空","中小板","20100413"
"861","002390.SZ","002390","信邦制药","贵州","中成药","中小板","20100416"
"862","002391.SZ","002391","长青股份","江苏","农药化肥","中小板","20100416"
"863","002392.SZ","002392","北京利尔","北京","其他建材","中小板","20100423"
"864","002393.SZ","002393","力生制药","天津","化学制药","中小板","20100423"
"865","002394.SZ","002394","联发股份","江苏","纺织","中小板","20100423"
"866","002395.SZ","002395","双象股份","江苏","塑料","中小板","20100429"
"867","002396.SZ","002396","星网锐捷","福建","通信设备","中小板","20100623"
"868","002397.SZ","002397","梦洁股份","湖南","纺织","中小板","20100429"
"869","002398.SZ","002398","垒知集团","福建","其他建材","中小板","20100506"
"870","002399.SZ","002399","海普瑞","深圳","化学制药","中小板","20100506"
"871","002400.SZ","002400","省广集团","广东","广告包装","中小板","20100506"
"872","002401.SZ","002401","中远海科","上海","软件服务","中小板","20100506"
"873","002402.SZ","002402","和而泰","深圳","元器件","中小板","20100511"
"874","002403.SZ","002403","爱仕达","浙江","家用电器","中小板","20100511"
"875","002404.SZ","002404","嘉欣丝绸","浙江","纺织","中小板","20100511"
"876","002405.SZ","002405","四维图新","北京","软件服务","中小板","20100518"
"877","002406.SZ","002406","远东传动","河南","汽车配件","中小板","20100518"
"878","002407.SZ","002407","多氟多","河南","化工原料","中小板","20100518"
"879","002408.SZ","002408","齐翔腾达","山东","化工原料","中小板","20100518"
"880","002409.SZ","002409","雅克科技","江苏","化工原料","中小板","20100525"
"881","002410.SZ","002410","广联达","北京","软件服务","中小板","20100525"
"882","002411.SZ","002411","延安必康","陕西","化学制药","中小板","20100525"
"883","002412.SZ","002412","汉森制药","湖南","中成药","中小板","20100525"
"884","002413.SZ","002413","雷科防务","江苏","通信设备","中小板","20100528"
"885","002414.SZ","002414","高德红外","湖北","电器仪表","中小板","20100716"
"886","002415.SZ","002415","海康威视","浙江","电器仪表","中小板","20100528"
"887","002416.SZ","002416","爱施德","深圳","电器连锁","中小板","20100528"
"888","002417.SZ","002417","深南股份","江苏","软件服务","中小板","20100601"
"889","002418.SZ","002418","康盛股份","浙江","家用电器","中小板","20100601"
"890","002419.SZ","002419","天虹股份","深圳","百货","中小板","20100601"
"891","002420.SZ","002420","毅昌科技","广东","家用电器","中小板","20100601"
"892","002421.SZ","002421","达实智能","深圳","软件服务","中小板","20100603"
"893","002422.SZ","002422","科伦药业","四川","化学制药","中小板","20100603"
"894","002423.SZ","002423","中粮资本","河南","多元金融","中小板","20100603"
"895","002424.SZ","002424","贵州百灵","贵州","中成药","中小板","20100603"
"896","002425.SZ","002425","凯撒文化","广东","互联网","中小板","20100608"
"897","002426.SZ","002426","胜利精密","江苏","元器件","中小板","20100608"
"898","002427.SZ","002427","ST尤夫","浙江","化纤","中小板","20100608"
"899","002428.SZ","002428","云南锗业","云南","小金属","中小板","20100608"
"900","002429.SZ","002429","兆驰股份","深圳","家用电器","中小板","20100610"
"901","002430.SZ","002430","杭氧股份","浙江","化工机械","中小板","20100610"
"902","002431.SZ","002431","棕榈股份","广东","建筑工程","中小板","20100610"
"903","002432.SZ","002432","九安医疗","天津","医疗保健","中小板","20100610"
"904","002433.SZ","002433","太安堂","广东","中成药","中小板","20100618"
"905","002434.SZ","002434","万里扬","浙江","汽车配件","中小板","20100618"
"906","002435.SZ","002435","长江健康","江苏","化学制药","中小板","20100618"
"907","002436.SZ","002436","兴森科技","深圳","元器件","中小板","20100618"
"908","002437.SZ","002437","誉衡药业","黑龙江","化学制药","中小板","20100623"
"909","002438.SZ","002438","江苏神通","江苏","机械基件","中小板","20100623"
"910","002439.SZ","002439","启明星辰","北京","软件服务","中小板","20100623"
"911","002440.SZ","002440","闰土股份","浙江","染料涂料","中小板","20100706"
"912","002441.SZ","002441","众业达","广东","批发业","中小板","20100706"
"913","002442.SZ","002442","龙星化工","河北","化工原料","中小板","20100706"
"914","002443.SZ","002443","金洲管道","浙江","钢加工","中小板","20100706"
"915","002444.SZ","002444","巨星科技","浙江","轻工机械","中小板","20100713"
"916","002445.SZ","002445","中南文化","江苏","影视音像","中小板","20100713"
"917","002446.SZ","002446","盛路通信","广东","通信设备","中小板","20100713"
"918","002447.SZ","002447","*ST晨鑫","辽宁","互联网","中小板","20100713"
"919","002448.SZ","002448","中原内配","河南","汽车配件","中小板","20100716"
"920","002449.SZ","002449","国星光电","广东","半导体","中小板","20100716"
"921","002451.SZ","002451","摩恩电气","上海","电气设备","中小板","20100720"
"922","002452.SZ","002452","长高集团","湖南","电气设备","中小板","20100720"
"923","002453.SZ","002453","华软科技","江苏","软件服务","中小板","20100720"
"924","002454.SZ","002454","松芝股份","上海","汽车配件","中小板","20100720"
"925","002455.SZ","002455","百川股份","江苏","化工原料","中小板","20100803"
"926","002456.SZ","002456","欧菲光","深圳","元器件","中小板","20100803"
"927","002457.SZ","002457","青龙管业","宁夏","塑料","中小板","20100803"
"928","002458.SZ","002458","益生股份","山东","农业综合","中小板","20100810"
"929","002459.SZ","002459","晶澳科技","河北","电气设备","中小板","20100810"
"930","002460.SZ","002460","赣锋锂业","江西","小金属","中小板","20100810"
"931","002461.SZ","002461","珠江啤酒","广东","啤酒","中小板","20100818"
"932","002462.SZ","002462","嘉事堂","北京","医药商业","中小板","20100818"
"933","002463.SZ","002463","沪电股份","江苏","元器件","中小板","20100818"
"934","002464.SZ","002464","*ST众应","江苏","互联网","中小板","20100831"
"935","002465.SZ","002465","海格通信","广东","通信设备","中小板","20100831"
"936","002466.SZ","002466","天齐锂业","四川","小金属","中小板","20100831"
"937","002467.SZ","002467","二六三","北京","电信运营","中小板","20100908"
"938","002468.SZ","002468","申通快递","浙江","仓储物流","中小板","20100908"
"939","002469.SZ","002469","三维化学","山东","化工原料","中小板","20100908"
"940","002470.SZ","002470","ST金正","山东","农药化肥","中小板","20100908"
"941","002471.SZ","002471","中超控股","江苏","电气设备","中小板","20100910"
"942","002472.SZ","002472","双环传动","浙江","汽车配件","中小板","20100910"
"943","002473.SZ","002473","*ST圣莱","浙江","家用电器","中小板","20100910"
"944","002474.SZ","002474","榕基软件","福建","软件服务","中小板","20100915"
"945","002475.SZ","002475","立讯精密","深圳","元器件","中小板","20100915"
"946","002476.SZ","002476","宝莫股份","山东","化工原料","中小板","20100915"
"947","002478.SZ","002478","常宝股份","江苏","钢加工","中小板","20100921"
"948","002479.SZ","002479","富春环保","浙江","环境保护","中小板","20100921"
"949","002480.SZ","002480","新筑股份","四川","机械基件","中小板","20100921"
"950","002481.SZ","002481","双塔食品","山东","食品","中小板","20100921"
"951","002482.SZ","002482","广田集团","深圳","装修装饰","中小板","20100929"
"952","002483.SZ","002483","润邦股份","江苏","工程机械","中小板","20100929"
"953","002484.SZ","002484","江海股份","江苏","元器件","中小板","20100929"
"954","002485.SZ","002485","雪松发展","山东","服饰","中小板","20101015"
"955","002486.SZ","002486","嘉麟杰","上海","服饰","中小板","20101015"
"956","002487.SZ","002487","大金重工","辽宁","电气设备","中小板","20101015"
"957","002488.SZ","002488","金固股份","浙江","汽车配件","中小板","20101021"
"958","002489.SZ","002489","浙江永强","浙江","家居用品","中小板","20101021"
"959","002490.SZ","002490","山东墨龙","山东","化工机械","中小板","20101021"
"960","002491.SZ","002491","通鼎互联","江苏","通信设备","中小板","20101021"
"961","002492.SZ","002492","恒基达鑫","广东","仓储物流","中小板","20101102"
"962","002493.SZ","002493","荣盛石化","浙江","化纤","中小板","20101102"
"963","002494.SZ","002494","华斯股份","河北","服饰","中小板","20101102"
"964","002495.SZ","002495","佳隆股份","广东","食品","中小板","20101102"
"965","002496.SZ","002496","ST辉丰","江苏","农药化肥","中小板","20101109"
"966","002497.SZ","002497","雅化集团","四川","化工原料","中小板","20101109"
"967","002498.SZ","002498","汉缆股份","山东","电气设备","中小板","20101109"
"968","002499.SZ","002499","*ST科林","江苏","环境保护","中小板","20101109"
"969","002500.SZ","002500","山西证券","山西","证券","中小板","20101115"
"970","002501.SZ","002501","*ST利源","吉林","铝","中小板","20101117"
"971","002502.SZ","002502","鼎龙文化","广东","影视音像","中小板","20101117"
"972","002503.SZ","002503","搜于特","广东","服饰","中小板","20101117"
"973","002504.SZ","002504","ST弘高","北京","装修装饰","中小板","20101118"
"974","002505.SZ","002505","鹏都农牧","湖南","商贸代理","中小板","20101118"
"975","002506.SZ","002506","协鑫集成","上海","电气设备","中小板","20101118"
"976","002507.SZ","002507","涪陵榨菜","重庆","食品","中小板","20101123"
"977","002508.SZ","002508","老板电器","浙江","家用电器","中小板","20101123"
"978","002510.SZ","002510","天汽模","天津","汽车配件","中小板","20101125"
"979","002511.SZ","002511","中顺洁柔","广东","造纸","中小板","20101125"
"980","002512.SZ","002512","达华智能","福建","元器件","中小板","20101203"
"981","002513.SZ","002513","蓝丰生化","江苏","农药化肥","中小板","20101203"
"982","002514.SZ","002514","宝馨科技","江苏","机械基件","中小板","20101203"
"983","002515.SZ","002515","金字火腿","浙江","食品","中小板","20101203"
"984","002516.SZ","002516","旷达科技","江苏","汽车配件","中小板","20101207"
"985","002517.SZ","002517","恺英网络","福建","互联网","中小板","20101207"
"986","002518.SZ","002518","科士达","深圳","电气设备","中小板","20101207"
"987","002519.SZ","002519","银河电子","江苏","通信设备","中小板","20101207"
"988","002520.SZ","002520","日发精机","浙江","机床制造","中小板","20101210"
"989","002521.SZ","002521","齐峰新材","山东","造纸","中小板","20101210"
"990","002522.SZ","002522","浙江众成","浙江","塑料","中小板","20101210"
"991","002523.SZ","002523","天桥起重","湖南","工程机械","中小板","20101210"
"992","002524.SZ","002524","光正眼科","新疆","医疗保健","中小板","20101217"
"993","002526.SZ","002526","山东矿机","山东","工程机械","中小板","20101217"
"994","002527.SZ","002527","新时达","上海","电器仪表","中小板","20101224"
"995","002528.SZ","002528","英飞拓","深圳","IT设备","中小板","20101224"
"996","002529.SZ","002529","海源复材","江西","专用机械","中小板","20101224"
"997","002530.SZ","002530","金财互联","江苏","软件服务","中小板","20101231"
"998","002531.SZ","002531","天顺风能","江苏","电气设备","中小板","20101231"
"999","002532.SZ","002532","天山铝业","浙江","铝","中小板","20101231"
"1000","002533.SZ","002533","金杯电工","湖南","电气设备","中小板","20101231"
"1001","002534.SZ","002534","杭锅股份","浙江","专用机械","中小板","20110110"
"1002","002535.SZ","002535","ST林重","河南","工程机械","中小板","20110111"
"1003","002536.SZ","002536","飞龙股份","河南","汽车配件","中小板","20110111"
"1004","002537.SZ","002537","海联金汇","山东","汽车配件","中小板","20110110"
"1005","002538.SZ","002538","司尔特","安徽","农药化肥","中小板","20110118"
"1006","002539.SZ","002539","云图控股","四川","农药化肥","中小板","20110118"
"1007","002540.SZ","002540","亚太科技","江苏","铝","中小板","20110118"
"1008","002541.SZ","002541","鸿路钢构","安徽","钢加工","中小板","20110118"
"1009","002542.SZ","002542","中化岩土","北京","建筑工程","中小板","20110128"
"1010","002543.SZ","002543","万和电气","广东","家用电器","中小板","20110128"
"1011","002544.SZ","002544","杰赛科技","广东","通信设备","中小板","20110128"
"1012","002545.SZ","002545","东方铁塔","山东","钢加工","中小板","20110211"
"1013","002546.SZ","002546","新联电子","江苏","电气设备","中小板","20110211"
"1014","002547.SZ","002547","春兴精工","江苏","通信设备","中小板","20110218"
"1015","002548.SZ","002548","金新农","深圳","饲料","中小板","20110218"
"1016","002549.SZ","002549","凯美特气","湖南","环境保护","中小板","20110218"
"1017","002550.SZ","002550","千红制药","江苏","生物制药","中小板","20110218"
"1018","002551.SZ","002551","尚荣医疗","深圳","医疗保健","中小板","20110225"
"1019","002552.SZ","002552","宝鼎科技","浙江","机械基件","中小板","20110225"
"1020","002553.SZ","002553","南方轴承","江苏","汽车配件","中小板","20110225"
"1021","002554.SZ","002554","惠博普","湖南","石油开采","中小板","20110225"
"1022","002555.SZ","002555","三七互娱","安徽","互联网","中小板","20110302"
"1023","002556.SZ","002556","辉隆股份","安徽","农药化肥","中小板","20110302"
"1024","002557.SZ","002557","洽洽食品","安徽","食品","中小板","20110302"
"1025","002558.SZ","002558","巨人网络","重庆","互联网","中小板","20110302"
"1026","002559.SZ","002559","亚威股份","江苏","机床制造","中小板","20110303"
"1027","002560.SZ","002560","通达股份","河南","电气设备","中小板","20110303"
"1028","002561.SZ","002561","徐家汇","上海","百货","中小板","20110303"
"1029","002562.SZ","002562","兄弟科技","浙江","化学制药","中小板","20110310"
"1030","002563.SZ","002563","森马服饰","浙江","服饰","中小板","20110311"
"1031","002564.SZ","002564","天沃科技","江苏","建筑工程","中小板","20110310"
"1032","002565.SZ","002565","顺灏股份","上海","造纸","中小板","20110318"
"1033","002566.SZ","002566","益盛药业","吉林","中成药","中小板","20110318"
"1034","002567.SZ","002567","唐人神","湖南","饲料","中小板","20110325"
"1035","002568.SZ","002568","百润股份","上海","红黄酒","中小板","20110325"
"1036","002569.SZ","002569","ST步森","浙江","服饰","中小板","20110412"
"1037","002570.SZ","002570","贝因美","浙江","乳制品","中小板","20110412"
"1038","002571.SZ","002571","德力股份","安徽","玻璃","中小板","20110412"
"1039","002572.SZ","002572","索菲亚","广东","家居用品","中小板","20110412"
"1040","002573.SZ","002573","清新环境","北京","环境保护","中小板","20110422"
"1041","002574.SZ","002574","明牌珠宝","浙江","服饰","中小板","20110422"
"1042","002575.SZ","002575","*ST群兴","广东","文教休闲","中小板","20110422"
"1043","002576.SZ","002576","通达动力","江苏","电气设备","中小板","20110428"
"1044","002577.SZ","002577","雷柏科技","深圳","IT设备","中小板","20110428"
"1045","002578.SZ","002578","闽发铝业","福建","铝","中小板","20110428"
"1046","002579.SZ","002579","中京电子","广东","元器件","中小板","20110506"
"1047","002580.SZ","002580","圣阳股份","山东","电气设备","中小板","20110506"
"1048","002581.SZ","002581","未名医药","山东","生物制药","中小板","20110520"
"1049","002582.SZ","002582","好想你","河南","食品","中小板","20110520"
"1050","002583.SZ","002583","海能达","深圳","通信设备","中小板","20110527"
"1051","002584.SZ","002584","西陇科学","广东","化工原料","中小板","20110602"
"1052","002585.SZ","002585","双星新材","江苏","塑料","中小板","20110602"
"1053","002586.SZ","002586","*ST围海","浙江","建筑工程","中小板","20110602"
"1054","002587.SZ","002587","奥拓电子","深圳","元器件","中小板","20110610"
"1055","002588.SZ","002588","史丹利","山东","农药化肥","中小板","20110610"
"1056","002589.SZ","002589","瑞康医药","山东","医药商业","中小板","20110610"
"1057","002590.SZ","002590","万安科技","浙江","汽车配件","中小板","20110610"
"1058","002591.SZ","002591","恒大高新","江西","化工原料","中小板","20110621"
"1059","002592.SZ","002592","ST八菱","广西","汽车配件","中小板","20111111"
"1060","002593.SZ","002593","日上集团","福建","汽车配件","中小板","20110628"
"1061","002594.SZ","002594","比亚迪","深圳","汽车整车","中小板","20110630"
"1062","002595.SZ","002595","豪迈科技","山东","专用机械","中小板","20110628"
"1063","002596.SZ","002596","海南瑞泽","海南","其他建材","中小板","20110707"
"1064","002597.SZ","002597","金禾实业","安徽","食品","中小板","20110707"
"1065","002598.SZ","002598","山东章鼓","山东","机械基件","中小板","20110707"
"1066","002599.SZ","002599","盛通股份","北京","广告包装","中小板","20110715"
"1067","002600.SZ","002600","领益智造","广东","元器件","中小板","20110715"
"1068","002601.SZ","002601","龙佰集团","河南","化工原料","中小板","20110715"
"1069","002602.SZ","002602","世纪华通","浙江","互联网","中小板","20110728"
"1070","002603.SZ","002603","以岭药业","河北","中成药","中小板","20110728"
"1071","002605.SZ","002605","姚记科技","上海","互联网","中小板","20110805"
"1072","002606.SZ","002606","大连电瓷","辽宁","电气设备","中小板","20110805"
"1073","002607.SZ","002607","中公教育","安徽","文教休闲","中小板","20110810"
"1074","002608.SZ","002608","江苏国信","江苏","火力发电","中小板","20110810"
"1075","002609.SZ","002609","捷顺科技","深圳","软件服务","中小板","20110815"
"1076","002610.SZ","002610","爱康科技","江苏","电气设备","中小板","20110815"
"1077","002611.SZ","002611","东方精工","广东","轻工机械","中小板","20110830"
"1078","002612.SZ","002612","朗姿股份","北京","服饰","中小板","20110830"
"1079","002613.SZ","002613","北玻股份","河南","专用机械","中小板","20110830"
"1080","002614.SZ","002614","奥佳华","福建","家用电器","中小板","20110909"
"1081","002615.SZ","002615","哈尔斯","浙江","家居用品","中小板","20110909"
"1082","002616.SZ","002616","长青集团","广东","环境保护","中小板","20110920"
"1083","002617.SZ","002617","露笑科技","浙江","电气设备","中小板","20110920"
"1084","002618.SZ","002618","*ST丹邦","深圳","元器件","中小板","20110920"
"1085","002619.SZ","002619","*ST艾格","浙江","互联网","中小板","20110929"
"1086","002620.SZ","002620","瑞和股份","深圳","装修装饰","中小板","20110929"
"1087","002621.SZ","002621","美吉姆","辽宁","文教休闲","中小板","20110929"
"1088","002622.SZ","002622","融钰集团","吉林","电气设备","中小板","20111018"
"1089","002623.SZ","002623","亚玛顿","江苏","玻璃","中小板","20111013"
"1090","002624.SZ","002624","完美世界","浙江","影视音像","中小板","20111028"
"1091","002625.SZ","002625","光启技术","深圳","航空","中小板","20111103"
"1092","002626.SZ","002626","金达威","福建","食品","中小板","20111028"
"1093","002627.SZ","002627","三峡旅游","湖北","公共交通","中小板","20111103"
"1094","002628.SZ","002628","成都路桥","四川","建筑工程","中小板","20111103"
"1095","002629.SZ","002629","仁智股份","浙江","石油开采","中小板","20111103"
"1096","002630.SZ","002630","华西能源","四川","专用机械","中小板","20111111"
"1097","002631.SZ","002631","德尔未来","江苏","家居用品","中小板","20111111"
"1098","002632.SZ","002632","道明光学","浙江","化工原料","中小板","20111122"
"1099","002633.SZ","002633","申科股份","浙江","机械基件","中小板","20111122"
"1100","002634.SZ","002634","棒杰股份","浙江","服饰","中小板","20111205"
"1101","002635.SZ","002635","安洁科技","江苏","IT设备","中小板","20111125"
"1102","002636.SZ","002636","金安国纪","上海","元器件","中小板","20111125"
"1103","002637.SZ","002637","赞宇科技","浙江","日用化工","中小板","20111125"
"1104","002638.SZ","002638","勤上股份","广东","文教休闲","中小板","20111125"
"1105","002639.SZ","002639","雪人股份","福建","专用机械","中小板","20111205"
"1106","002640.SZ","002640","*ST跨境","山西","互联网","中小板","20111208"
"1107","002641.SZ","002641","永高股份","浙江","塑料","中小板","20111208"
"1108","002642.SZ","002642","荣联科技","北京","软件服务","中小板","20111220"
"1109","002643.SZ","002643","万润股份","山东","化工原料","中小板","20111220"
"1110","002644.SZ","002644","佛慈制药","甘肃","中成药","中小板","20111222"
"1111","002645.SZ","002645","华宏科技","江苏","专用机械","中小板","20111220"
"1112","002646.SZ","002646","青青稞酒","青海","白酒","中小板","20111222"
"1113","002647.SZ","002647","仁东控股","浙江","多元金融","中小板","20111228"
"1114","002648.SZ","002648","卫星化学","浙江","化工原料","中小板","20111228"
"1115","002649.SZ","002649","博彦科技","北京","软件服务","中小板","20120106"
"1116","002650.SZ","002650","加加食品","湖南","食品","中小板","20120106"
"1117","002651.SZ","002651","利君股份","四川","专用机械","中小板","20120106"
"1118","002652.SZ","002652","扬子新材","江苏","其他建材","中小板","20120119"
"1119","002653.SZ","002653","海思科","西藏","化学制药","中小板","20120117"
"1120","002654.SZ","002654","万润科技","深圳","互联网","中小板","20120217"
"1121","002655.SZ","002655","共达电声","山东","元器件","中小板","20120217"
"1122","002656.SZ","002656","ST摩登","广东","服饰","中小板","20120228"
"1123","002657.SZ","002657","中科金财","北京","软件服务","中小板","20120228"
"1124","002658.SZ","002658","雪迪龙","北京","环境保护","中小板","20120309"
"1125","002659.SZ","002659","凯文教育","北京","文教休闲","中小板","20120309"
"1126","002660.SZ","002660","茂硕电源","深圳","电气设备","中小板","20120316"
"1127","002661.SZ","002661","克明食品","湖南","食品","中小板","20120316"
"1128","002662.SZ","002662","京威股份","北京","汽车配件","中小板","20120309"
"1129","002663.SZ","002663","普邦股份","广东","建筑工程","中小板","20120316"
"1130","002664.SZ","002664","长鹰信质","浙江","汽车配件","中小板","20120316"
"1131","002665.SZ","002665","首航高科","甘肃","电气设备","中小板","20120327"
"1132","002666.SZ","002666","德联集团","广东","化工原料","中小板","20120327"
"1133","002667.SZ","002667","鞍重股份","辽宁","工程机械","中小板","20120329"
"1134","002668.SZ","002668","ST奥马","广东","家用电器","中小板","20120416"
"1135","002669.SZ","002669","康达新材","上海","化工原料","中小板","20120416"
"1136","002670.SZ","002670","国盛金控","广东","证券","中小板","20120416"
"1137","002671.SZ","002671","龙泉股份","山东","其他建材","中小板","20120426"
"1138","002672.SZ","002672","东江环保","深圳","环境保护","中小板","20120426"
"1139","002673.SZ","002673","西部证券","陕西","证券","中小板","20120503"
"1140","002674.SZ","002674","兴业科技","福建","纺织","中小板","20120507"
"1141","002675.SZ","002675","东诚药业","山东","化学制药","中小板","20120525"
"1142","002676.SZ","002676","顺威股份","广东","家用电器","中小板","20120525"
"1143","002677.SZ","002677","浙江美大","浙江","家用电器","中小板","20120525"
"1144","002678.SZ","002678","珠江钢琴","广东","文教休闲","中小板","20120530"
"1145","002679.SZ","002679","福建金森","福建","林业","中小板","20120605"
"1146","002681.SZ","002681","奋达科技","深圳","家用电器","中小板","20120605"
"1147","002682.SZ","002682","龙洲股份","福建","仓储物流","中小板","20120612"
"1148","002683.SZ","002683","宏大爆破","广东","化工原料","中小板","20120612"
"1149","002684.SZ","002684","*ST猛狮","河南","汽车服务","中小板","20120612"
"1150","002685.SZ","002685","华东重机","江苏","工程机械","中小板","20120612"
"1151","002686.SZ","002686","亿利达","浙江","专用机械","中小板","20120703"
"1152","002687.SZ","002687","乔治白","浙江","服饰","中小板","20120713"
"1153","002688.SZ","002688","金河生物","内蒙","化学制药","中小板","20120713"
"1154","002689.SZ","002689","远大智能","辽宁","运输设备","中小板","20120717"
"1155","002690.SZ","002690","美亚光电","安徽","专用机械","中小板","20120731"
"1156","002691.SZ","002691","冀凯股份","河北","专用机械","中小板","20120731"
"1157","002692.SZ","002692","ST远程","江苏","电气设备","中小板","20120808"
"1158","002693.SZ","002693","双成药业","海南","化学制药","中小板","20120808"
"1159","002694.SZ","002694","顾地科技","湖北","塑料","中小板","20120816"
"1160","002695.SZ","002695","煌上煌","江西","食品","中小板","20120905"
"1161","002696.SZ","002696","百洋股份","广西","渔业","中小板","20120905"
"1162","002697.SZ","002697","红旗连锁","四川","超市连锁","中小板","20120905"
"1163","002698.SZ","002698","博实股份","黑龙江","化工机械","中小板","20120911"
"1164","002699.SZ","002699","美盛文化","浙江","影视音像","中小板","20120911"
"1165","002700.SZ","002700","ST浩源","新疆","供气供热","中小板","20120921"
"1166","002701.SZ","002701","奥瑞金","北京","广告包装","中小板","20121011"
"1167","002702.SZ","002702","海欣食品","福建","食品","中小板","20121011"
"1168","002703.SZ","002703","浙江世宝","浙江","汽车配件","中小板","20121102"
"1169","002705.SZ","002705","新宝股份","广东","家用电器","中小板","20140121"
"1170","002706.SZ","002706","良信股份","上海","电气设备","中小板","20140121"
"1171","002707.SZ","002707","众信旅游","北京","旅游服务","中小板","20140123"
"1172","002708.SZ","002708","光洋股份","江苏","汽车配件","中小板","20140121"
"1173","002709.SZ","002709","天赐材料","广东","化工原料","中小板","20140123"
"1174","002712.SZ","002712","思美传媒","浙江","广告包装","中小板","20140123"
"1175","002713.SZ","002713","东易日盛","北京","装修装饰","中小板","20140219"
"1176","002714.SZ","002714","牧原股份","河南","农业综合","中小板","20140128"
"1177","002715.SZ","002715","登云股份","广东","汽车配件","中小板","20140219"
"1178","002716.SZ","002716","金贵银业","湖南","小金属","中小板","20140128"
"1179","002717.SZ","002717","岭南股份","广东","环境保护","中小板","20140219"
"1180","002718.SZ","002718","友邦吊顶","浙江","家居用品","中小板","20140128"
"1181","002719.SZ","002719","麦趣尔","新疆","乳制品","中小板","20140128"
"1182","002721.SZ","002721","金一文化","北京","服饰","中小板","20140127"
"1183","002722.SZ","002722","金轮股份","江苏","纺织机械","中小板","20140128"
"1184","002723.SZ","002723","金莱特","广东","家用电器","中小板","20140129"
"1185","002724.SZ","002724","海洋王","深圳","半导体","中小板","20141104"
"1186","002725.SZ","002725","跃岭股份","浙江","汽车配件","中小板","20140129"
"1187","002726.SZ","002726","龙大美食","山东","食品","中小板","20140626"
"1188","002727.SZ","002727","一心堂","云南","医药商业","中小板","20140702"
"1189","002728.SZ","002728","特一药业","广东","中成药","中小板","20140731"
"1190","002729.SZ","002729","好利科技","福建","元器件","中小板","20140912"
"1191","002730.SZ","002730","电光科技","浙江","电气设备","中小板","20141009"
"1192","002731.SZ","002731","萃华珠宝","辽宁","服饰","中小板","20141104"
"1193","002732.SZ","002732","燕塘乳业","广东","乳制品","中小板","20141205"
"1194","002733.SZ","002733","雄韬股份","深圳","电气设备","中小板","20141203"
"1195","002734.SZ","002734","利民股份","江苏","农药化肥","中小板","20150127"
"1196","002735.SZ","002735","王子新材","深圳","塑料","中小板","20141203"
"1197","002736.SZ","002736","国信证券","深圳","证券","中小板","20141229"
"1198","002737.SZ","002737","葵花药业","黑龙江","中成药","中小板","20141230"
"1199","002738.SZ","002738","中矿资源","北京","小金属","中小板","20141230"
"1200","002739.SZ","002739","万达电影","北京","影视音像","中小板","20150122"
"1201","002740.SZ","002740","爱迪尔","福建","服饰","中小板","20150122"
"1202","002741.SZ","002741","光华科技","广东","化工原料","中小板","20150216"
"1203","002742.SZ","002742","三圣股份","重庆","其他建材","中小板","20150217"
"1204","002743.SZ","002743","富煌钢构","安徽","钢加工","中小板","20150217"
"1205","002745.SZ","002745","木林森","广东","电气设备","中小板","20150217"
"1206","002746.SZ","002746","仙坛股份","山东","食品","中小板","20150216"
"1207","002747.SZ","002747","埃斯顿","江苏","机械基件","中小板","20150320"
"1208","002748.SZ","002748","世龙实业","江西","化工原料","中小板","20150319"
"1209","002749.SZ","002749","国光股份","四川","农药化肥","中小板","20150320"
"1210","002750.SZ","002750","龙津药业","云南","中成药","中小板","20150324"
"1211","002751.SZ","002751","易尚展示","深圳","家居用品","中小板","20150424"
"1212","002752.SZ","002752","昇兴股份","福建","广告包装","中小板","20150422"
"1213","002753.SZ","002753","永东股份","山西","化工原料","中小板","20150519"
"1214","002755.SZ","002755","奥赛康","北京","化学制药","中小板","20150515"
"1215","002756.SZ","002756","永兴材料","浙江","特种钢","中小板","20150515"
"1216","002757.SZ","002757","南兴股份","广东","专用机械","中小板","20150527"
"1217","002758.SZ","002758","浙农股份","浙江","医药商业","中小板","20150527"
"1218","002759.SZ","002759","天际股份","广东","家用电器","中小板","20150528"
"1219","002760.SZ","002760","凤形股份","安徽","机械基件","中小板","20150611"
"1220","002761.SZ","002761","浙江建投","浙江","建筑工程","中小板","20150610"
"1221","002762.SZ","002762","金发拉比","广东","服饰","中小板","20150610"
"1222","002763.SZ","002763","汇洁股份","深圳","服饰","中小板","20150610"
"1223","002765.SZ","002765","蓝黛科技","重庆","元器件","中小板","20150612"
"1224","002766.SZ","002766","*ST索菱","深圳","汽车配件","中小板","20150611"
"1225","002767.SZ","002767","先锋电子","浙江","电器仪表","中小板","20150612"
"1226","002768.SZ","002768","国恩股份","山东","塑料","中小板","20150630"
"1227","002769.SZ","002769","普路通","深圳","仓储物流","中小板","20150629"
"1228","002770.SZ","002770","*ST科迪","河南","乳制品","中小板","20150630"
"1229","002771.SZ","002771","真视通","北京","软件服务","中小板","20150629"
"1230","002772.SZ","002772","众兴菌业","甘肃","种植业","中小板","20150626"
"1231","002773.SZ","002773","康弘药业","四川","化学制药","中小板","20150626"
"1232","002774.SZ","002774","快意电梯","广东","运输设备","中小板","20170324"
"1233","002775.SZ","002775","文科园林","深圳","建筑工程","中小板","20150629"
"1234","002776.SZ","002776","ST柏龙","广东","服饰","中小板","20150626"
"1235","002777.SZ","002777","久远银海","四川","软件服务","中小板","20151231"
"1236","002778.SZ","002778","中晟高科","江苏","石油加工","中小板","20160106"
"1237","002779.SZ","002779","中坚科技","浙江","农用机械","中小板","20151209"
"1238","002780.SZ","002780","三夫户外","北京","其他商业","中小板","20151209"
"1239","002781.SZ","002781","奇信股份","江西","装修装饰","中小板","20151222"
"1240","002782.SZ","002782","可立克","深圳","电气设备","中小板","20151222"
"1241","002783.SZ","002783","凯龙股份","湖北","化工原料","中小板","20151209"
"1242","002785.SZ","002785","万里石","福建","其他建材","中小板","20151223"
"1243","002786.SZ","002786","银宝山新","深圳","专用机械","中小板","20151223"
"1244","002787.SZ","002787","华源控股","江苏","广告包装","中小板","20151231"
"1245","002788.SZ","002788","鹭燕医药","福建","医药商业","中小板","20160218"
"1246","002789.SZ","002789","建艺集团","深圳","装修装饰","中小板","20160311"
"1247","002790.SZ","002790","瑞尔特","福建","家居用品","中小板","20160308"
"1248","002791.SZ","002791","坚朗五金","广东","其他建材","中小板","20160329"
"1249","002792.SZ","002792","通宇通讯","广东","通信设备","中小板","20160328"
"1250","002793.SZ","002793","罗欣药业","浙江","化学制药","中小板","20160415"
"1251","002795.SZ","002795","永和智控","浙江","机械基件","中小板","20160428"
"1252","002796.SZ","002796","世嘉科技","江苏","通信设备","中小板","20160510"
"1253","002797.SZ","002797","第一创业","深圳","证券","中小板","20160511"
"1254","002798.SZ","002798","帝欧家居","四川","家居用品","中小板","20160525"
"1255","002799.SZ","002799","环球印务","陕西","广告包装","中小板","20160608"
"1256","002800.SZ","002800","天顺股份","新疆","仓储物流","中小板","20160530"
"1257","002801.SZ","002801","微光股份","浙江","电气设备","中小板","20160622"
"1258","002802.SZ","002802","洪汇新材","江苏","化工原料","中小板","20160629"
"1259","002803.SZ","002803","吉宏股份","福建","互联网","中小板","20160712"
"1260","002805.SZ","002805","丰元股份","山东","化工原料","中小板","20160707"
"1261","002806.SZ","002806","华锋股份","广东","铝","中小板","20160726"
"1262","002807.SZ","002807","江阴银行","江苏","银行","中小板","20160902"
"1263","002808.SZ","002808","恒久科技","江苏","元器件","中小板","20160812"
"1264","002809.SZ","002809","红墙股份","广东","化工原料","中小板","20160823"
"1265","002810.SZ","002810","山东赫达","山东","化工原料","中小板","20160826"
"1266","002811.SZ","002811","郑中设计","深圳","装修装饰","中小板","20160908"
"1267","002812.SZ","002812","恩捷股份","云南","电气设备","中小板","20160914"
"1268","002813.SZ","002813","路畅科技","深圳","汽车配件","中小板","20161012"
"1269","002815.SZ","002815","崇达技术","深圳","元器件","中小板","20161012"
"1270","002816.SZ","002816","和科达","深圳","专用机械","中小板","20161025"
"1271","002817.SZ","002817","黄山胶囊","安徽","化学制药","中小板","20161025"
"1272","002818.SZ","002818","富森美","四川","其他商业","中小板","20161109"
"1273","002819.SZ","002819","东方中科","北京","电器仪表","中小板","20161111"
"1274","002820.SZ","002820","桂发祥","天津","食品","中小板","20161118"
"1275","002821.SZ","002821","凯莱英","天津","生物制药","中小板","20161118"
"1276","002822.SZ","002822","中装建设","深圳","装修装饰","中小板","20161129"
"1277","002823.SZ","002823","凯中精密","深圳","机械基件","中小板","20161124"
"1278","002824.SZ","002824","和胜股份","广东","铝","中小板","20170112"
"1279","002825.SZ","002825","纳尔股份","上海","化工原料","中小板","20161129"
"1280","002826.SZ","002826","易明医药","西藏","中成药","中小板","20161209"
"1281","002827.SZ","002827","高争民爆","西藏","化工原料","中小板","20161209"
"1282","002828.SZ","002828","贝肯能源","新疆","石油开采","中小板","20161208"
"1283","002829.SZ","002829","星网宇达","北京","航空","中小板","20161213"
"1284","002830.SZ","002830","名雕股份","深圳","装修装饰","中小板","20161213"
"1285","002831.SZ","002831","裕同科技","深圳","广告包装","中小板","20161216"
"1286","002832.SZ","002832","比音勒芬","广东","服饰","中小板","20161223"
"1287","002833.SZ","002833","弘亚数控","广东","专用机械","中小板","20161228"
"1288","002835.SZ","002835","同为股份","深圳","元器件","中小板","20161228"
"1289","002836.SZ","002836","新宏泽","广东","广告包装","中小板","20161229"
"1290","002837.SZ","002837","英维克","深圳","专用机械","中小板","20161229"
"1291","002838.SZ","002838","道恩股份","山东","塑料","中小板","20170106"
"1292","002839.SZ","002839","张家港行","江苏","银行","中小板","20170124"
"1293","002840.SZ","002840","华统股份","浙江","食品","中小板","20170110"
"1294","002841.SZ","002841","视源股份","广东","元器件","中小板","20170119"
"1295","002842.SZ","002842","翔鹭钨业","广东","小金属","中小板","20170119"
"1296","002843.SZ","002843","泰嘉股份","湖南","钢加工","中小板","20170120"
"1297","002845.SZ","002845","同兴达","深圳","元器件","中小板","20170125"
"1298","002846.SZ","002846","英联股份","广东","广告包装","中小板","20170207"
"1299","002847.SZ","002847","盐津铺子","湖南","食品","中小板","20170208"
"1300","002848.SZ","002848","高斯贝尔","湖南","家用电器","中小板","20170213"
"1301","002849.SZ","002849","威星智能","浙江","电器仪表","中小板","20170217"
"1302","002850.SZ","002850","科达利","深圳","电气设备","中小板","20170302"
"1303","002851.SZ","002851","麦格米特","深圳","电气设备","中小板","20170306"
"1304","002852.SZ","002852","道道全","湖南","食品","中小板","20170310"
"1305","002853.SZ","002853","皮阿诺","广东","家居用品","中小板","20170310"
"1306","002855.SZ","002855","捷荣技术","广东","元器件","中小板","20170321"
"1307","002856.SZ","002856","美芝股份","深圳","装修装饰","中小板","20170320"
"1308","002857.SZ","002857","三晖电气","河南","电器仪表","中小板","20170323"
"1309","002858.SZ","002858","力盛赛车","上海","文教休闲","中小板","20170324"
"1310","002859.SZ","002859","洁美科技","浙江","元器件","中小板","20170407"
"1311","002860.SZ","002860","星帅尔","浙江","家用电器","中小板","20170412"
"1312","002861.SZ","002861","瀛通通讯","湖北","通信设备","中小板","20170413"
"1313","002862.SZ","002862","实丰文化","广东","文教休闲","中小板","20170411"
"1314","002863.SZ","002863","今飞凯达","浙江","汽车配件","中小板","20170418"
"1315","002864.SZ","002864","盘龙药业","陕西","中成药","中小板","20171116"
"1316","002865.SZ","002865","钧达股份","海南","汽车配件","中小板","20170425"
"1317","002866.SZ","002866","传艺科技","江苏","IT设备","中小板","20170426"
"1318","002867.SZ","002867","周大生","深圳","服饰","中小板","20170427"
"1319","002868.SZ","002868","绿康生化","福建","农业综合","中小板","20170503"
"1320","002869.SZ","002869","金溢科技","深圳","通信设备","中小板","20170515"
"1321","002870.SZ","002870","香山股份","广东","汽车配件","中小板","20170515"
"1322","002871.SZ","002871","伟隆股份","山东","机械基件","中小板","20170511"
"1323","002872.SZ","002872","ST天圣","重庆","化学制药","中小板","20170519"
"1324","002873.SZ","002873","新天药业","贵州","中成药","中小板","20170519"
"1325","002875.SZ","002875","安奈儿","深圳","服饰","中小板","20170601"
"1326","002876.SZ","002876","三利谱","深圳","元器件","中小板","20170525"
"1327","002877.SZ","002877","智能自控","江苏","电器仪表","中小板","20170605"
"1328","002878.SZ","002878","元隆雅图","北京","文教休闲","中小板","20170606"
"1329","002879.SZ","002879","长缆科技","湖南","电气设备","中小板","20170707"
"1330","002880.SZ","002880","卫光生物","深圳","生物制药","中小板","20170616"
"1331","002881.SZ","002881","美格智能","深圳","通信设备","中小板","20170622"
"1332","002882.SZ","002882","金龙羽","深圳","电气设备","中小板","20170717"
"1333","002883.SZ","002883","中设股份","江苏","建筑工程","中小板","20170620"
"1334","002884.SZ","002884","凌霄泵业","广东","专用机械","中小板","20170711"
"1335","002885.SZ","002885","京泉华","深圳","元器件","中小板","20170627"
"1336","002886.SZ","002886","沃特股份","深圳","塑料","中小板","20170627"
"1337","002887.SZ","002887","绿茵生态","天津","环境保护","中小板","20170801"
"1338","002888.SZ","002888","惠威科技","广东","元器件","中小板","20170721"
"1339","002889.SZ","002889","东方嘉盛","深圳","仓储物流","中小板","20170731"
"1340","002890.SZ","002890","弘宇股份","山东","农用机械","中小板","20170802"
"1341","002891.SZ","002891","中宠股份","山东","饲料","中小板","20170821"
"1342","002892.SZ","002892","科力尔","湖南","电气设备","中小板","20170817"
"1343","002893.SZ","002893","华通热力","北京","供气供热","中小板","20170915"
"1344","002895.SZ","002895","川恒股份","贵州","化工原料","中小板","20170825"
"1345","002896.SZ","002896","中大力德","浙江","机械基件","中小板","20170829"
"1346","002897.SZ","002897","意华股份","浙江","元器件","中小板","20170907"
"1347","002898.SZ","002898","赛隆药业","广东","化学制药","中小板","20170912"
"1348","002899.SZ","002899","英派斯","山东","文教休闲","中小板","20170915"
"1349","002900.SZ","002900","哈三联","黑龙江","化学制药","中小板","20170922"
"1350","002901.SZ","002901","大博医疗","福建","医疗保健","中小板","20170922"
"1351","002902.SZ","002902","铭普光磁","广东","元器件","中小板","20170929"
"1352","002903.SZ","002903","宇环数控","湖南","机床制造","中小板","20171013"
"1353","002905.SZ","002905","金逸影视","广东","影视音像","中小板","20171016"
"1354","002906.SZ","002906","华阳集团","广东","汽车配件","中小板","20171013"
"1355","002907.SZ","002907","华森制药","重庆","化学制药","中小板","20171020"
"1356","002908.SZ","002908","德生科技","广东","元器件","中小板","20171020"
"1357","002909.SZ","002909","集泰股份","广东","化工原料","中小板","20171026"
"1358","002910.SZ","002910","庄园牧场","甘肃","乳制品","中小板","20171031"
"1359","002911.SZ","002911","佛燃能源","广东","供气供热","中小板","20171122"
"1360","002912.SZ","002912","中新赛克","深圳","软件服务","中小板","20171121"
"1361","002913.SZ","002913","奥士康","湖南","元器件","中小板","20171201"
"1362","002915.SZ","002915","中欣氟材","浙江","化工原料","中小板","20171205"
"1363","002916.SZ","002916","深南电路","深圳","元器件","中小板","20171213"
"1364","002917.SZ","002917","金奥博","深圳","化工原料","中小板","20171208"
"1365","002918.SZ","002918","蒙娜丽莎","广东","其他建材","中小板","20171219"
"1366","002919.SZ","002919","名臣健康","广东","日用化工","中小板","20171218"
"1367","002920.SZ","002920","德赛西威","广东","汽车配件","中小板","20171226"
"1368","002921.SZ","002921","联诚精密","山东","汽车配件","中小板","20171227"
"1369","002922.SZ","002922","伊戈尔","广东","电气设备","中小板","20171229"
"1370","002923.SZ","002923","润都股份","广东","化学制药","中小板","20180105"
"1371","002925.SZ","002925","盈趣科技","福建","元器件","中小板","20180115"
"1372","002926.SZ","002926","华西证券","四川","证券","中小板","20180205"
"1373","002927.SZ","002927","泰永长征","贵州","电气设备","中小板","20180223"
"1374","002928.SZ","002928","华夏航空","贵州","空运","中小板","20180302"
"1375","002929.SZ","002929","润建股份","广西","通信设备","中小板","20180301"
"1376","002930.SZ","002930","宏川智慧","广东","仓储物流","中小板","20180328"
"1377","002931.SZ","002931","锋龙股份","浙江","汽车配件","中小板","20180403"
"1378","002932.SZ","002932","明德生物","湖北","医疗保健","中小板","20180710"
"1379","002933.SZ","002933","新兴装备","北京","航空","中小板","20180828"
"1380","002935.SZ","002935","天奥电子","四川","航空","中小板","20180903"
"1381","002936.SZ","002936","郑州银行","河南","银行","中小板","20180919"
"1382","002937.SZ","002937","兴瑞科技","浙江","元器件","中小板","20180926"
"1383","002938.SZ","002938","鹏鼎控股","深圳","元器件","中小板","20180918"
"1384","002939.SZ","002939","长城证券","深圳","证券","中小板","20181026"
"1385","002940.SZ","002940","昂利康","浙江","化学制药","中小板","20181023"
"1386","002941.SZ","002941","新疆交建","新疆","建筑工程","中小板","20181128"
"1387","002942.SZ","002942","新农股份","浙江","农药化肥","中小板","20181205"
"1388","002943.SZ","002943","宇晶股份","湖南","机床制造","中小板","20181129"
"1389","002945.SZ","002945","华林证券","西藏","证券","中小板","20190117"
"1390","002946.SZ","002946","新乳业","四川","乳制品","中小板","20190125"
"1391","002947.SZ","002947","恒铭达","江苏","元器件","中小板","20190201"
"1392","002948.SZ","002948","青岛银行","山东","银行","中小板","20190116"
"1393","002949.SZ","002949","华阳国际","深圳","建筑工程","中小板","20190226"
"1394","002950.SZ","002950","奥美医疗","湖北","医疗保健","中小板","20190311"
"1395","002951.SZ","002951","金时科技","四川","广告包装","中小板","20190315"
"1396","002952.SZ","002952","亚世光电","辽宁","元器件","中小板","20190328"
"1397","002953.SZ","002953","日丰股份","广东","电气设备","中小板","20190509"
"1398","002955.SZ","002955","鸿合科技","北京","IT设备","中小板","20190523"
"1399","002956.SZ","002956","西麦食品","广西","食品","中小板","20190619"
"1400","002957.SZ","002957","科瑞技术","深圳","专用机械","中小板","20190726"
"1401","002958.SZ","002958","青农商行","山东","银行","中小板","20190326"
"1402","002959.SZ","002959","小熊电器","广东","家用电器","中小板","20190823"
"1403","002960.SZ","002960","青鸟消防","河北","专用机械","中小板","20190809"
"1404","002961.SZ","002961","瑞达期货","福建","多元金融","中小板","20190905"
"1405","002962.SZ","002962","五方光电","湖北","元器件","中小板","20190917"
"1406","002963.SZ","002963","豪尔赛","北京","装修装饰","中小板","20191028"
"1407","002965.SZ","002965","祥鑫科技","广东","汽车配件","中小板","20191025"
"1408","002966.SZ","002966","苏州银行","江苏","银行","中小板","20190802"
"1409","002967.SZ","002967","广电计量","广东","综合类","中小板","20191108"
"1410","002968.SZ","002968","新大正","重庆","房产服务","中小板","20191203"
"1411","002969.SZ","002969","嘉美包装","安徽","广告包装","中小板","20191202"
"1412","002970.SZ","002970","锐明技术","深圳","通信设备","中小板","20191217"
"1413","002971.SZ","002971","和远气体","湖北","化工原料","中小板","20200113"
"1414","002972.SZ","002972","科安达","深圳","运输设备","中小板","20191227"
"1415","002973.SZ","002973","侨银股份","广东","环境保护","中小板","20200106"
"1416","002975.SZ","002975","博杰股份","广东","专用机械","中小板","20200205"
"1417","002976.SZ","002976","瑞玛精密","江苏","汽车配件","中小板","20200306"
"1418","002977.SZ","002977","天箭科技","四川","通信设备","中小板","20200317"
"1419","002978.SZ","002978","安宁股份","四川","小金属","中小板","20200417"
"1420","002979.SZ","002979","雷赛智能","深圳","专用机械","中小板","20200408"
"1421","002980.SZ","002980","华盛昌","深圳","电器仪表","中小板","20200415"
"1422","002981.SZ","002981","朝阳科技","广东","元器件","中小板","20200417"
"1423","002982.SZ","002982","湘佳股份","湖南","农业综合","中小板","20200424"
"1424","002983.SZ","002983","芯瑞达","安徽","元器件","中小板","20200428"
"1425","002984.SZ","002984","森麒麟","山东","汽车配件","中小板","20200911"
"1426","002985.SZ","002985","北摩高科","北京","航空","中小板","20200429"
"1427","002986.SZ","002986","宇新股份","湖南","化工原料","中小板","20200602"
"1428","002987.SZ","002987","京北方","北京","软件服务","中小板","20200507"
"1429","002988.SZ","002988","豪美新材","广东","铝","中小板","20200518"
"1430","002989.SZ","002989","中天精装","深圳","装修装饰","中小板","20200610"
"1431","002990.SZ","002990","盛视科技","深圳","软件服务","中小板","20200525"
"1432","002991.SZ","002991","甘源食品","江西","食品","中小板","20200731"
"1433","002992.SZ","002992","宝明科技","深圳","元器件","中小板","20200803"
"1434","002993.SZ","002993","奥海科技","广东","元器件","中小板","20200817"
"1435","002995.SZ","002995","天地在线","北京","互联网","中小板","20200805"
"1436","002996.SZ","002996","顺博合金","重庆","铝","中小板","20200828"
"1437","002997.SZ","002997","瑞鹄模具","安徽","专用机械","中小板","20200903"
"1438","002998.SZ","002998","优彩资源","江苏","化纤","中小板","20200925"
"1439","002999.SZ","002999","天禾股份","广东","批发业","中小板","20200903"
"1440","003000.SZ","003000","劲仔食品","湖南","食品","中小板","20200914"
"1441","003001.SZ","003001","中岩大地","北京","建筑工程","中小板","20201013"
"1442","003002.SZ","003002","壶化股份","山西","化工原料","中小板","20200922"
"1443","003003.SZ","003003","天元股份","广东","广告包装","中小板","20200921"
"1444","003004.SZ","003004","声迅股份","北京","软件服务","中小板","20201126"
"1445","003005.SZ","003005","竞业达","北京","软件服务","中小板","20200922"
"1446","003006.SZ","003006","百亚股份","重庆","造纸","中小板","20200921"
"1447","003007.SZ","003007","直真科技","北京","软件服务","中小板","20200923"
"1448","003008.SZ","003008","开普检测","河南","电气设备","中小板","20200923"
"1449","003009.SZ","003009","中天火箭","陕西","航空","中小板","20200925"
"1450","003010.SZ","003010","若羽臣","广东","互联网","中小板","20200925"
"1451","003011.SZ","003011","海象新材","浙江","家居用品","中小板","20200930"
"1452","003012.SZ","003012","东鹏控股","广东","陶瓷","中小板","20201019"
"1453","003013.SZ","003013","地铁设计","广东","建筑工程","中小板","20201022"
"1454","003015.SZ","003015","日久光电","江苏","元器件","中小板","20201021"
"1455","003016.SZ","003016","欣贺股份","福建","服饰","中小板","20201026"
"1456","003017.SZ","003017","大洋生物","浙江","化工原料","中小板","20201026"
"1457","003018.SZ","003018","金富科技","广东","塑料","中小板","20201106"
"1458","003019.SZ","003019","宸展光电","福建","元器件","中小板","20201117"
"1459","003020.SZ","003020","立方制药","安徽","化学制药","中小板","20201215"
"1460","003021.SZ","003021","兆威机电","深圳","元器件","中小板","20201204"
"1461","003022.SZ","003022","联泓新科","山东","化工原料","中小板","20201208"
"1462","003023.SZ","003023","彩虹集团","四川","家用电器","中小板","20201211"
"1463","003025.SZ","003025","思进智能","浙江","机械基件","中小板","20201211"
"1464","003026.SZ","003026","中晶科技","浙江","半导体","中小板","20201218"
"1465","003027.SZ","003027","同兴环保","安徽","环境保护","中小板","20201218"
"1466","003028.SZ","003028","振邦智能","深圳","元器件","中小板","20201228"
"1467","003029.SZ","003029","吉大正元","吉林","软件服务","中小板","20201224"
"1468","003030.SZ","003030","祖名股份","浙江","食品","中小板","20210106"
"1469","003031.SZ","003031","中瓷电子","河北","元器件","中小板","20210104"
"1470","003032.SZ","003032","传智教育","江苏","文教休闲","中小板","20210112"
"1471","003033.SZ","003033","征和工业","山东","机械基件","中小板","20210111"
"1472","003035.SZ","003035","南网能源","广东","新型电力","中小板","20210119"
"1473","003036.SZ","003036","泰坦股份","浙江","纺织机械","中小板","20210128"
"1474","003037.SZ","003037","三和管桩","广东","水泥","中小板","20210204"
"1475","003038.SZ","003038","鑫铂股份","安徽","铝","中小板","20210210"
"1476","003039.SZ","003039","顺控发展","广东","水务","中小板","20210308"
"1477","003040.SZ","003040","楚天龙","广东","元器件","中小板","20210322"
"1478","003041.SZ","003041","真爱美家","浙江","纺织","中小板","20210406"
"1479","003042.SZ","003042","中农联合","山东","农药化肥","中小板","20210406"
"1480","003043.SZ","003043","华亚智能","江苏","专用机械","中小板","20210406"
"1481","003816.SZ","003816","中国广核","深圳","新型电力","中小板","20190826"
"1482","300001.SZ","300001","特锐德","山东","电气设备","创业板","20091030"
"1483","300002.SZ","300002","神州泰岳","北京","软件服务","创业板","20091030"
"1484","300003.SZ","300003","乐普医疗","北京","医疗保健","创业板","20091030"
"1485","300004.SZ","300004","南风股份","广东","电气设备","创业板","20091030"
"1486","300005.SZ","300005","探路者","北京","服饰","创业板","20091030"
"1487","300006.SZ","300006","莱美药业","重庆","化学制药","创业板","20091030"
"1488","300007.SZ","300007","汉威科技","河南","电器仪表","创业板","20091030"
"1489","300008.SZ","300008","天海防务","上海","船舶","创业板","20091030"
"1490","300009.SZ","300009","安科生物","安徽","生物制药","创业板","20091030"
"1491","300010.SZ","300010","豆神教育","北京","软件服务","创业板","20091030"
"1492","300011.SZ","300011","鼎汉技术","北京","运输设备","创业板","20091030"
"1493","300012.SZ","300012","华测检测","深圳","电器仪表","创业板","20091030"
"1494","300013.SZ","300013","新宁物流","江苏","仓储物流","创业板","20091030"
"1495","300014.SZ","300014","亿纬锂能","广东","电气设备","创业板","20091030"
"1496","300015.SZ","300015","爱尔眼科","湖南","医疗保健","创业板","20091030"
"1497","300016.SZ","300016","北陆药业","北京","化学制药","创业板","20091030"
"1498","300017.SZ","300017","网宿科技","上海","电信运营","创业板","20091030"
"1499","300018.SZ","300018","中元股份","湖北","电气设备","创业板","20091030"
"1500","300019.SZ","300019","硅宝科技","四川","化工原料","创业板","20091030"
"1501","300020.SZ","300020","银江技术","浙江","软件服务","创业板","20091030"
"1502","300021.SZ","300021","大禹节水","甘肃","农业综合","创业板","20091030"
"1503","300022.SZ","300022","吉峰科技","四川","农用机械","创业板","20091030"
"1504","300023.SZ","300023","*ST宝德","陕西","专用机械","创业板","20091030"
"1505","300024.SZ","300024","机器人","辽宁","专用机械","创业板","20091030"
"1506","300025.SZ","300025","华星创业","浙江","通信设备","创业板","20091030"
"1507","300026.SZ","300026","红日药业","天津","中成药","创业板","20091030"
"1508","300027.SZ","300027","华谊兄弟","浙江","影视音像","创业板","20091030"
"1509","300029.SZ","300029","*ST天龙","江苏","电气设备","创业板","20091225"
"1510","300030.SZ","300030","阳普医疗","广东","医疗保健","创业板","20091225"
"1511","300031.SZ","300031","宝通科技","江苏","互联网","创业板","20091225"
"1512","300032.SZ","300032","金龙机电","浙江","元器件","创业板","20091225"
"1513","300033.SZ","300033","同花顺","浙江","软件服务","创业板","20091225"
"1514","300034.SZ","300034","钢研高纳","北京","航空","创业板","20091225"
"1515","300035.SZ","300035","中科电气","湖南","电气设备","创业板","20091225"
"1516","300036.SZ","300036","超图软件","北京","软件服务","创业板","20091225"
"1517","300037.SZ","300037","新宙邦","深圳","化工原料","创业板","20100108"
"1518","300038.SZ","300038","*ST数知","北京","互联网","创业板","20100108"
"1519","300039.SZ","300039","上海凯宝","上海","中成药","创业板","20100108"
"1520","300040.SZ","300040","九洲集团","黑龙江","电气设备","创业板","20100108"
"1521","300041.SZ","300041","回天新材","湖北","化工原料","创业板","20100108"
"1522","300042.SZ","300042","朗科科技","深圳","IT设备","创业板","20100108"
"1523","300043.SZ","300043","星辉娱乐","广东","文教休闲","创业板","20100120"
"1524","300044.SZ","300044","*ST赛为","深圳","软件服务","创业板","20100120"
"1525","300045.SZ","300045","华力创通","北京","IT设备","创业板","20100120"
"1526","300046.SZ","300046","台基股份","湖北","半导体","创业板","20100120"
"1527","300047.SZ","300047","天源迪科","深圳","软件服务","创业板","20100120"
"1528","300048.SZ","300048","合康新能","北京","电气设备","创业板","20100120"
"1529","300049.SZ","300049","福瑞股份","内蒙","医疗保健","创业板","20100120"
"1530","300050.SZ","300050","世纪鼎利","广东","软件服务","创业板","20100120"
"1531","300051.SZ","300051","ST三五","福建","互联网","创业板","20100211"
"1532","300052.SZ","300052","中青宝","深圳","互联网","创业板","20100211"
"1533","300053.SZ","300053","欧比特","广东","半导体","创业板","20100211"
"1534","300054.SZ","300054","鼎龙股份","湖北","化工原料","创业板","20100211"
"1535","300055.SZ","300055","万邦达","北京","环境保护","创业板","20100226"
"1536","300056.SZ","300056","中创环保","福建","环境保护","创业板","20100226"
"1537","300057.SZ","300057","万顺新材","广东","广告包装","创业板","20100226"
"1538","300058.SZ","300058","蓝色光标","北京","广告包装","创业板","20100226"
"1539","300059.SZ","300059","东方财富","上海","证券","创业板","20100319"
"1540","300061.SZ","300061","旗天科技","上海","互联网","创业板","20100319"
"1541","300062.SZ","300062","中能电气","福建","电气设备","创业板","20100319"
"1542","300063.SZ","300063","天龙集团","广东","互联网","创业板","20100326"
"1543","300064.SZ","300064","*ST金刚","河南","矿物制品","创业板","20100326"
"1544","300065.SZ","300065","海兰信","北京","船舶","创业板","20100326"
"1545","300066.SZ","300066","三川智慧","江西","电器仪表","创业板","20100326"
"1546","300067.SZ","300067","安诺其","上海","染料涂料","创业板","20100421"
"1547","300068.SZ","300068","南都电源","浙江","电气设备","创业板","20100421"
"1548","300069.SZ","300069","金利华电","浙江","电气设备","创业板","20100421"
"1549","300070.SZ","300070","碧水源","北京","环境保护","创业板","20100421"
"1550","300071.SZ","300071","*ST嘉信","北京","广告包装","创业板","20100421"
"1551","300072.SZ","300072","三聚环保","北京","环境保护","创业板","20100427"
"1552","300073.SZ","300073","当升科技","北京","电气设备","创业板","20100427"
"1553","300074.SZ","300074","华平股份","上海","软件服务","创业板","20100427"
"1554","300075.SZ","300075","数字政通","北京","软件服务","创业板","20100427"
"1555","300076.SZ","300076","GQY视讯","浙江","IT设备","创业板","20100430"
"1556","300077.SZ","300077","国民技术","深圳","半导体","创业板","20100430"
"1557","300078.SZ","300078","思创医惠","浙江","软件服务","创业板","20100430"
"1558","300079.SZ","300079","数码视讯","北京","通信设备","创业板","20100430"
"1559","300080.SZ","300080","易成新能","河南","电气设备","创业板","20100625"
"1560","300081.SZ","300081","恒信东方","北京","文教休闲","创业板","20100520"
"1561","300082.SZ","300082","奥克股份","辽宁","化工原料","创业板","20100520"
"1562","300083.SZ","300083","创世纪","广东","机械基件","创业板","20100520"
"1563","300084.SZ","300084","海默科技","甘肃","专用机械","创业板","20100520"
"1564","300085.SZ","300085","银之杰","深圳","软件服务","创业板","20100526"
"1565","300086.SZ","300086","康芝药业","海南","化学制药","创业板","20100526"
"1566","300087.SZ","300087","荃银高科","安徽","种植业","创业板","20100526"
"1567","300088.SZ","300088","长信科技","安徽","元器件","创业板","20100526"
"1568","300089.SZ","300089","ST文化","广东","文教休闲","创业板","20100625"
"1569","300091.SZ","300091","金通灵","江苏","机械基件","创业板","20100625"
"1570","300092.SZ","300092","科新机电","四川","专用机械","创业板","20100708"
"1571","300093.SZ","300093","金刚玻璃","广东","玻璃","创业板","20100708"
"1572","300094.SZ","300094","国联水产","广东","渔业","创业板","20100708"
"1573","300095.SZ","300095","华伍股份","江西","机械基件","创业板","20100728"
"1574","300096.SZ","300096","易联众","福建","软件服务","创业板","20100728"
"1575","300097.SZ","300097","智云股份","辽宁","专用机械","创业板","20100728"
"1576","300098.SZ","300098","高新兴","广东","通信设备","创业板","20100728"
"1577","300099.SZ","300099","精准信息","山东","电器仪表","创业板","20100806"
"1578","300100.SZ","300100","双林股份","浙江","汽车服务","创业板","20100806"
"1579","300101.SZ","300101","振芯科技","四川","通信设备","创业板","20100806"
"1580","300102.SZ","300102","乾照光电","福建","半导体","创业板","20100812"
"1581","300103.SZ","300103","达刚控股","陕西","环境保护","创业板","20100812"
"1582","300105.SZ","300105","龙源技术","山东","电器仪表","创业板","20100820"
"1583","300106.SZ","300106","西部牧业","新疆","农业综合","创业板","20100820"
"1584","300107.SZ","300107","建新股份","河北","化工原料","创业板","20100820"
"1585","300108.SZ","300108","吉药控股","吉林","中成药","创业板","20100825"
"1586","300109.SZ","300109","新开源","河南","医疗保健","创业板","20100825"
"1587","300110.SZ","300110","华仁药业","山东","化学制药","创业板","20100825"
"1588","300111.SZ","300111","向日葵","浙江","化学制药","创业板","20100827"
"1589","300112.SZ","300112","万讯自控","深圳","电器仪表","创业板","20100827"
"1590","300113.SZ","300113","顺网科技","浙江","互联网","创业板","20100827"
"1591","300114.SZ","300114","中航电测","陕西","电器仪表","创业板","20100827"
"1592","300115.SZ","300115","长盈精密","深圳","元器件","创业板","20100902"
"1593","300116.SZ","300116","保力新","陕西","电气设备","创业板","20100902"
"1594","300117.SZ","300117","嘉寓股份","北京","装修装饰","创业板","20100902"
"1595","300118.SZ","300118","东方日升","浙江","电气设备","创业板","20100902"
"1596","300119.SZ","300119","瑞普生物","天津","农业综合","创业板","20100917"
"1597","300120.SZ","300120","经纬辉开","天津","元器件","创业板","20100917"
"1598","300121.SZ","300121","阳谷华泰","山东","化工原料","创业板","20100917"
"1599","300122.SZ","300122","智飞生物","重庆","生物制药","创业板","20100928"
"1600","300123.SZ","300123","亚光科技","湖南","半导体","创业板","20100928"
"1601","300124.SZ","300124","汇川技术","深圳","电器仪表","创业板","20100928"
"1602","300125.SZ","300125","聆达股份","辽宁","电气设备","创业板","20101013"
"1603","300126.SZ","300126","锐奇股份","上海","轻工机械","创业板","20101013"
"1604","300127.SZ","300127","银河磁体","四川","元器件","创业板","20101013"
"1605","300128.SZ","300128","锦富技术","江苏","元器件","创业板","20101013"
"1606","300129.SZ","300129","泰胜风能","上海","电气设备","创业板","20101019"
"1607","300130.SZ","300130","新国都","深圳","IT设备","创业板","20101019"
"1608","300131.SZ","300131","英唐智控","深圳","商贸代理","创业板","20101019"
"1609","300132.SZ","300132","青松股份","福建","化工原料","创业板","20101026"
"1610","300133.SZ","300133","华策影视","浙江","影视音像","创业板","20101026"
"1611","300134.SZ","300134","大富科技","安徽","通信设备","创业板","20101026"
"1612","300135.SZ","300135","宝利国际","江苏","化工原料","创业板","20101026"
"1613","300136.SZ","300136","信维通信","深圳","通信设备","创业板","20101105"
"1614","300137.SZ","300137","先河环保","河北","环境保护","创业板","20101105"
"1615","300138.SZ","300138","晨光生物","河北","食品","创业板","20101105"
"1616","300139.SZ","300139","晓程科技","北京","元器件","创业板","20101112"
"1617","300140.SZ","300140","中环装备","陕西","环境保护","创业板","20101112"
"1618","300141.SZ","300141","和顺电气","江苏","电气设备","创业板","20101112"
"1619","300142.SZ","300142","沃森生物","云南","生物制药","创业板","20101112"
"1620","300143.SZ","300143","盈康生命","山东","医疗保健","创业板","20101209"
"1621","300144.SZ","300144","宋城演艺","浙江","旅游景点","创业板","20101209"
"1622","300145.SZ","300145","中金环境","浙江","专用机械","创业板","20101209"
"1623","300146.SZ","300146","汤臣倍健","广东","医疗保健","创业板","20101215"
"1624","300147.SZ","300147","香雪制药","广东","中成药","创业板","20101215"
"1625","300148.SZ","300148","天舟文化","湖南","互联网","创业板","20101215"
"1626","300149.SZ","300149","睿智医药","广东","生物制药","创业板","20101222"
"1627","300150.SZ","300150","世纪瑞尔","北京","软件服务","创业板","20101222"
"1628","300151.SZ","300151","昌红科技","深圳","专用机械","创业板","20101222"
"1629","300152.SZ","300152","科融环境","河北","环境保护","创业板","20101229"
"1630","300153.SZ","300153","科泰电源","上海","电气设备","创业板","20101229"
"1631","300154.SZ","300154","瑞凌股份","深圳","机械基件","创业板","20101229"
"1632","300155.SZ","300155","安居宝","广东","元器件","创业板","20110107"
"1633","300157.SZ","300157","恒泰艾普","北京","石油开采","创业板","20110107"
"1634","300158.SZ","300158","振东制药","山西","化学制药","创业板","20110107"
"1635","300159.SZ","300159","新研股份","新疆","航空","创业板","20110107"
"1636","300160.SZ","300160","秀强股份","江苏","玻璃","创业板","20110113"
"1637","300161.SZ","300161","华中数控","湖北","机床制造","创业板","20110113"
"1638","300162.SZ","300162","雷曼光电","深圳","元器件","创业板","20110113"
"1639","300163.SZ","300163","先锋新材","浙江","其他建材","创业板","20110113"
"1640","300164.SZ","300164","通源石油","陕西","石油开采","创业板","20110113"
"1641","300165.SZ","300165","天瑞仪器","江苏","电器仪表","创业板","20110125"
"1642","300166.SZ","300166","东方国信","北京","软件服务","创业板","20110125"
"1643","300167.SZ","300167","迪威迅","深圳","软件服务","创业板","20110125"
"1644","300168.SZ","300168","万达信息","上海","软件服务","创业板","20110125"
"1645","300169.SZ","300169","天晟新材","江苏","塑料","创业板","20110125"
"1646","300170.SZ","300170","汉得信息","上海","软件服务","创业板","20110201"
"1647","300171.SZ","300171","东富龙","上海","医疗保健","创业板","20110201"
"1648","300172.SZ","300172","中电环保","江苏","环境保护","创业板","20110201"
"1649","300173.SZ","300173","福能东方","广东","轻工机械","创业板","20110201"
"1650","300174.SZ","300174","元力股份","福建","化工原料","创业板","20110201"
"1651","300175.SZ","300175","朗源股份","山东","食品","创业板","20110215"
"1652","300176.SZ","300176","派生科技","广东","汽车配件","创业板","20110215"
"1653","300177.SZ","300177","中海达","广东","通信设备","创业板","20110215"
"1654","300178.SZ","300178","*ST腾邦","深圳","旅游服务","创业板","20110215"
"1655","300179.SZ","300179","四方达","河南","矿物制品","创业板","20110215"
"1656","300180.SZ","300180","华峰超纤","上海","化纤","创业板","20110222"
"1657","300181.SZ","300181","佐力药业","浙江","中成药","创业板","20110222"
"1658","300182.SZ","300182","捷成股份","北京","影视音像","创业板","20110222"
"1659","300183.SZ","300183","东软载波","山东","通信设备","创业板","20110222"
"1660","300184.SZ","300184","力源信息","湖北","商贸代理","创业板","20110222"
"1661","300185.SZ","300185","通裕重工","山东","工程机械","创业板","20110308"
"1662","300187.SZ","300187","永清环保","湖南","环境保护","创业板","20110308"
"1663","300188.SZ","300188","美亚柏科","福建","软件服务","创业板","20110316"
"1664","300189.SZ","300189","神农科技","海南","种植业","创业板","20110316"
"1665","300190.SZ","300190","维尔利","江苏","环境保护","创业板","20110316"
"1666","300191.SZ","300191","潜能恒信","北京","石油开采","创业板","20110316"
"1667","300192.SZ","300192","科德教育","江苏","文教休闲","创业板","20110322"
"1668","300193.SZ","300193","佳士科技","深圳","专用机械","创业板","20110322"
"1669","300194.SZ","300194","福安药业","重庆","化学制药","创业板","20110322"
"1670","300195.SZ","300195","长荣股份","天津","轻工机械","创业板","20110329"
"1671","300196.SZ","300196","长海股份","江苏","玻璃","创业板","20110329"
"1672","300197.SZ","300197","节能铁汉","深圳","环境保护","创业板","20110329"
"1673","300198.SZ","300198","纳川股份","福建","塑料","创业板","20110407"
"1674","300199.SZ","300199","翰宇药业","深圳","化学制药","创业板","20110407"
"1675","300200.SZ","300200","高盟新材","北京","化工原料","创业板","20110407"
"1676","300201.SZ","300201","海伦哲","江苏","专用机械","创业板","20110407"
"1677","300202.SZ","300202","*ST聚龙","辽宁","IT设备","创业板","20110415"
"1678","300203.SZ","300203","聚光科技","浙江","环境保护","创业板","20110415"
"1679","300204.SZ","300204","舒泰神","北京","生物制药","创业板","20110415"
"1680","300205.SZ","300205","天喻信息","湖北","通信设备","创业板","20110421"
"1681","300206.SZ","300206","理邦仪器","深圳","医疗保健","创业板","20110421"
"1682","300207.SZ","300207","欣旺达","深圳","元器件","创业板","20110421"
"1683","300208.SZ","300208","青岛中程","山东","电气设备","创业板","20110426"
"1684","300209.SZ","300209","天泽信息","湖南","互联网","创业板","20110426"
"1685","300210.SZ","300210","森远股份","辽宁","专用机械","创业板","20110426"
"1686","300211.SZ","300211","亿通科技","江苏","通信设备","创业板","20110505"
"1687","300212.SZ","300212","易华录","北京","软件服务","创业板","20110505"
"1688","300213.SZ","300213","佳讯飞鸿","北京","通信设备","创业板","20110505"
"1689","300214.SZ","300214","日科化学","山东","化工原料","创业板","20110511"
"1690","300215.SZ","300215","电科院","江苏","电气设备","创业板","20110511"
"1691","300217.SZ","300217","东方电热","江苏","家用电器","创业板","20110518"
"1692","300218.SZ","300218","安利股份","安徽","塑料","创业板","20110518"
"1693","300219.SZ","300219","鸿利智汇","广东","元器件","创业板","20110518"
"1694","300220.SZ","300220","金运激光","湖北","元器件","创业板","20110525"
"1695","300221.SZ","300221","银禧科技","广东","塑料","创业板","20110525"
"1696","300222.SZ","300222","科大智能","上海","电气设备","创业板","20110525"
"1697","300223.SZ","300223","北京君正","北京","半导体","创业板","20110531"
"1698","300224.SZ","300224","正海磁材","山东","元器件","创业板","20110531"
"1699","300225.SZ","300225","金力泰","上海","染料涂料","创业板","20110531"
"1700","300226.SZ","300226","上海钢联","上海","互联网","创业板","20110608"
"1701","300227.SZ","300227","光韵达","深圳","元器件","创业板","20110608"
"1702","300228.SZ","300228","富瑞特装","江苏","化工机械","创业板","20110608"
"1703","300229.SZ","300229","拓尔思","北京","软件服务","创业板","20110615"
"1704","300230.SZ","300230","永利股份","上海","塑料","创业板","20110615"
"1705","300231.SZ","300231","银信科技","北京","软件服务","创业板","20110615"
"1706","300232.SZ","300232","洲明科技","深圳","半导体","创业板","20110622"
"1707","300233.SZ","300233","金城医药","山东","化学制药","创业板","20110622"
"1708","300234.SZ","300234","开尔新材","浙江","陶瓷","创业板","20110622"
"1709","300235.SZ","300235","方直科技","深圳","软件服务","创业板","20110629"
"1710","300236.SZ","300236","上海新阳","上海","半导体","创业板","20110629"
"1711","300237.SZ","300237","美晨生态","山东","建筑工程","创业板","20110629"
"1712","300238.SZ","300238","冠昊生物","广东","医疗保健","创业板","20110706"
"1713","300239.SZ","300239","东宝生物","内蒙","生物制药","创业板","20110706"
"1714","300240.SZ","300240","飞力达","江苏","仓储物流","创业板","20110706"
"1715","300241.SZ","300241","瑞丰光电","深圳","半导体","创业板","20110712"
"1716","300242.SZ","300242","佳云科技","广东","互联网","创业板","20110712"
"1717","300243.SZ","300243","瑞丰高材","山东","化工原料","创业板","20110712"
"1718","300244.SZ","300244","迪安诊断","浙江","医疗保健","创业板","20110719"
"1719","300245.SZ","300245","天玑科技","上海","软件服务","创业板","20110719"
"1720","300246.SZ","300246","宝莱特","广东","医疗保健","创业板","20110719"
"1721","300247.SZ","300247","融捷健康","安徽","医疗保健","创业板","20110729"
"1722","300248.SZ","300248","新开普","河南","软件服务","创业板","20110729"
"1723","300249.SZ","300249","依米康","四川","软件服务","创业板","20110803"
"1724","300250.SZ","300250","初灵信息","浙江","软件服务","创业板","20110803"
"1725","300251.SZ","300251","光线传媒","北京","影视音像","创业板","20110803"
"1726","300252.SZ","300252","金信诺","深圳","通信设备","创业板","20110818"
"1727","300253.SZ","300253","卫宁健康","上海","软件服务","创业板","20110818"
"1728","300254.SZ","300254","仟源医药","山西","化学制药","创业板","20110819"
"1729","300255.SZ","300255","常山药业","河北","生物制药","创业板","20110819"
"1730","300256.SZ","300256","*ST星星","江西","元器件","创业板","20110819"
"1731","300257.SZ","300257","开山股份","浙江","机械基件","创业板","20110819"
"1732","300258.SZ","300258","精锻科技","江苏","汽车配件","创业板","20110826"
"1733","300259.SZ","300259","新天科技","河南","电器仪表","创业板","20110831"
"1734","300260.SZ","300260","新莱应材","江苏","机械基件","创业板","20110906"
"1735","300261.SZ","300261","雅本化学","江苏","农药化肥","创业板","20110906"
"1736","300262.SZ","300262","巴安水务","上海","水务","创业板","20110916"
"1737","300263.SZ","300263","隆华科技","河南","专用机械","创业板","20110916"
"1738","300264.SZ","300264","佳创视讯","深圳","通信设备","创业板","20110916"
"1739","300265.SZ","300265","通光线缆","江苏","电气设备","创业板","20110916"
"1740","300266.SZ","300266","兴源环境","浙江","环境保护","创业板","20110927"
"1741","300267.SZ","300267","尔康制药","湖南","化学制药","创业板","20110927"
"1742","300268.SZ","300268","佳沃食品","湖南","农业综合","创业板","20110927"
"1743","300269.SZ","300269","ST联建","深圳","半导体","创业板","20111012"
"1744","300270.SZ","300270","中威电子","浙江","通信设备","创业板","20111012"
"1745","300271.SZ","300271","华宇软件","北京","软件服务","创业板","20111026"
"1746","300272.SZ","300272","开能健康","上海","家用电器","创业板","20111102"
"1747","300273.SZ","300273","和佳医疗","广东","医疗保健","创业板","20111026"
"1748","300274.SZ","300274","阳光电源","安徽","电气设备","创业板","20111102"
"1749","300275.SZ","300275","梅安森","重庆","软件服务","创业板","20111102"
"1750","300276.SZ","300276","三丰智能","湖北","专用机械","创业板","20111115"
"1751","300277.SZ","300277","海联讯","深圳","软件服务","创业板","20111123"
"1752","300278.SZ","300278","*ST华昌","湖北","专用机械","创业板","20111216"
"1753","300279.SZ","300279","和晶科技","江苏","元器件","创业板","20111229"
"1754","300280.SZ","300280","紫天科技","江苏","广告包装","创业板","20111229"
"1755","300281.SZ","300281","金明精机","广东","专用机械","创业板","20111229"
"1756","300282.SZ","300282","三盛教育","北京","文教休闲","创业板","20111229"
"1757","300283.SZ","300283","温州宏丰","浙江","电气设备","创业板","20120110"
"1758","300284.SZ","300284","苏交科","江苏","建筑工程","创业板","20120110"
"1759","300285.SZ","300285","国瓷材料","山东","陶瓷","创业板","20120113"
"1760","300286.SZ","300286","安科瑞","上海","电器仪表","创业板","20120113"
"1761","300287.SZ","300287","飞利信","北京","软件服务","创业板","20120201"
"1762","300288.SZ","300288","朗玛信息","贵州","软件服务","创业板","20120216"
"1763","300289.SZ","300289","利德曼","北京","医疗保健","创业板","20120216"
"1764","300290.SZ","300290","荣科科技","辽宁","软件服务","创业板","20120216"
"1765","300291.SZ","300291","华录百纳","北京","影视音像","创业板","20120209"
"1766","300292.SZ","300292","吴通控股","江苏","软件服务","创业板","20120229"
"1767","300293.SZ","300293","蓝英装备","辽宁","专用机械","创业板","20120308"
"1768","300294.SZ","300294","博雅生物","江西","生物制药","创业板","20120308"
"1769","300295.SZ","300295","三六五网","江苏","互联网","创业板","20120315"
"1770","300296.SZ","300296","利亚德","北京","半导体","创业板","20120315"
"1771","300297.SZ","300297","蓝盾股份","四川","软件服务","创业板","20120315"
"1772","300298.SZ","300298","三诺生物","湖南","医疗保健","创业板","20120319"
"1773","300299.SZ","300299","富春股份","福建","互联网","创业板","20120319"
"1774","300300.SZ","300300","海峡创新","福建","软件服务","创业板","20120319"
"1775","300301.SZ","300301","长方集团","深圳","半导体","创业板","20120321"
"1776","300302.SZ","300302","同有科技","北京","软件服务","创业板","20120321"
"1777","300303.SZ","300303","聚飞光电","深圳","半导体","创业板","20120319"
"1778","300304.SZ","300304","云意电气","江苏","汽车配件","创业板","20120321"
"1779","300305.SZ","300305","裕兴股份","江苏","塑料","创业板","20120329"
"1780","300306.SZ","300306","远方信息","浙江","电器仪表","创业板","20120329"
"1781","300307.SZ","300307","慈星股份","浙江","纺织机械","创业板","20120329"
"1782","300308.SZ","300308","中际旭创","山东","通信设备","创业板","20120410"
"1783","300309.SZ","300309","吉艾科技","北京","多元金融","创业板","20120410"
"1784","300310.SZ","300310","宜通世纪","广东","通信设备","创业板","20120425"
"1785","300311.SZ","300311","任子行","深圳","软件服务","创业板","20120425"
"1786","300312.SZ","300312","*ST邦讯","北京","通信设备","创业板","20120508"
"1787","300313.SZ","300313","ST天山","新疆","农业综合","创业板","20120425"
"1788","300314.SZ","300314","戴维医疗","浙江","医疗保健","创业板","20120508"
"1789","300315.SZ","300315","掌趣科技","北京","互联网","创业板","20120511"
"1790","300316.SZ","300316","晶盛机电","浙江","专用机械","创业板","20120511"
"1791","300317.SZ","300317","珈伟新能","深圳","半导体","创业板","20120511"
"1792","300318.SZ","300318","博晖创新","北京","医疗保健","创业板","20120523"
"1793","300319.SZ","300319","麦捷科技","深圳","元器件","创业板","20120523"
"1794","300320.SZ","300320","海达股份","江苏","橡胶","创业板","20120601"
"1795","300321.SZ","300321","同大股份","山东","塑料","创业板","20120523"
"1796","300322.SZ","300322","硕贝德","广东","通信设备","创业板","20120608"
"1797","300323.SZ","300323","华灿光电","湖北","半导体","创业板","20120601"
"1798","300324.SZ","300324","旋极信息","北京","软件服务","创业板","20120608"
"1799","300325.SZ","300325","*ST德威","江苏","塑料","创业板","20120601"
"1800","300326.SZ","300326","凯利泰","上海","医疗保健","创业板","20120613"
"1801","300327.SZ","300327","中颖电子","上海","半导体","创业板","20120613"
"1802","300328.SZ","300328","宜安科技","广东","铝","创业板","20120619"
"1803","300329.SZ","300329","海伦钢琴","浙江","文教休闲","创业板","20120619"
"1804","300330.SZ","300330","华虹计通","上海","软件服务","创业板","20120619"
"1805","300331.SZ","300331","苏大维格","江苏","元器件","创业板","20120628"
"1806","300332.SZ","300332","天壕环境","北京","供气供热","创业板","20120628"
"1807","300333.SZ","300333","兆日科技","深圳","软件服务","创业板","20120628"
"1808","300334.SZ","300334","津膜科技","天津","水务","创业板","20120705"
"1809","300335.SZ","300335","迪森股份","广东","供气供热","创业板","20120710"
"1810","300336.SZ","300336","新文化","上海","影视音像","创业板","20120710"
"1811","300337.SZ","300337","银邦股份","江苏","铝","创业板","20120718"
"1812","300338.SZ","300338","开元教育","湖南","文教休闲","创业板","20120726"
"1813","300339.SZ","300339","润和软件","江苏","软件服务","创业板","20120718"
"1814","300340.SZ","300340","科恒股份","广东","电气设备","创业板","20120726"
"1815","300341.SZ","300341","麦克奥迪","福建","电气设备","创业板","20120726"
"1816","300342.SZ","300342","天银机电","江苏","家用电器","创业板","20120726"
"1817","300343.SZ","300343","联创股份","山东","化工原料","创业板","20120801"
"1818","300344.SZ","300344","立方数科","北京","软件服务","创业板","20120801"
"1819","300345.SZ","300345","华民股份","湖南","机械基件","创业板","20120801"
"1820","300346.SZ","300346","南大光电","江苏","元器件","创业板","20120807"
"1821","300347.SZ","300347","泰格医药","浙江","医疗保健","创业板","20120817"
"1822","300348.SZ","300348","长亮科技","深圳","软件服务","创业板","20120817"
"1823","300349.SZ","300349","金卡智能","浙江","电器仪表","创业板","20120817"
"1824","300350.SZ","300350","华鹏飞","深圳","仓储物流","创业板","20120821"
"1825","300351.SZ","300351","永贵电器","浙江","运输设备","创业板","20120920"
"1826","300352.SZ","300352","北信源","北京","软件服务","创业板","20120912"
"1827","300353.SZ","300353","东土科技","北京","通信设备","创业板","20120927"
"1828","300354.SZ","300354","东华测试","江苏","电器仪表","创业板","20120920"
"1829","300355.SZ","300355","蒙草生态","内蒙","环境保护","创业板","20120927"
"1830","300356.SZ","300356","ST光一","江苏","电气设备","创业板","20121009"
"1831","300357.SZ","300357","我武生物","浙江","生物制药","创业板","20140121"
"1832","300358.SZ","300358","楚天科技","湖南","医疗保健","创业板","20140121"
"1833","300359.SZ","300359","全通教育","广东","文教休闲","创业板","20140121"
"1834","300360.SZ","300360","炬华科技","浙江","电器仪表","创业板","20140121"
"1835","300363.SZ","300363","博腾股份","重庆","化学制药","创业板","20140129"
"1836","300364.SZ","300364","中文在线","北京","出版业","创业板","20150121"
"1837","300365.SZ","300365","恒华科技","北京","软件服务","创业板","20140123"
"1838","300366.SZ","300366","创意信息","四川","软件服务","创业板","20140127"
"1839","300367.SZ","300367","ST网力","北京","IT设备","创业板","20140129"
"1840","300368.SZ","300368","汇金股份","河北","IT设备","创业板","20140123"
"1841","300369.SZ","300369","绿盟科技","北京","软件服务","创业板","20140129"
"1842","300370.SZ","300370","ST安控","四川","电器仪表","创业板","20140123"
"1843","300371.SZ","300371","汇中股份","河北","电器仪表","创业板","20140123"
"1844","300373.SZ","300373","扬杰科技","江苏","半导体","创业板","20140123"
"1845","300374.SZ","300374","中铁装配","北京","其他建材","创业板","20150319"
"1846","300375.SZ","300375","鹏翎股份","天津","汽车配件","创业板","20140127"
"1847","300376.SZ","300376","易事特","广东","电气设备","创业板","20140127"
"1848","300377.SZ","300377","赢时胜","深圳","软件服务","创业板","20140127"
"1849","300378.SZ","300378","鼎捷软件","上海","软件服务","创业板","20140127"
"1850","300379.SZ","300379","东方通","北京","软件服务","创业板","20140128"
"1851","300380.SZ","300380","安硕信息","上海","软件服务","创业板","20140128"
"1852","300381.SZ","300381","溢多利","广东","生物制药","创业板","20140128"
"1853","300382.SZ","300382","斯莱克","江苏","专用机械","创业板","20140129"
"1854","300383.SZ","300383","光环新网","北京","电信运营","创业板","20140129"
"1855","300384.SZ","300384","三联虹普","北京","建筑工程","创业板","20140801"
"1856","300385.SZ","300385","雪浪环境","江苏","环境保护","创业板","20140626"
"1857","300386.SZ","300386","飞天诚信","北京","软件服务","创业板","20140626"
"1858","300387.SZ","300387","富邦股份","湖北","化工原料","创业板","20140702"
"1859","300388.SZ","300388","节能国祯","安徽","环境保护","创业板","20140801"
"1860","300389.SZ","300389","艾比森","深圳","半导体","创业板","20140801"
"1861","300390.SZ","300390","天华超净","江苏","电气设备","创业板","20140731"
"1862","300391.SZ","300391","康跃科技","山东","机械基件","创业板","20140801"
"1863","300392.SZ","300392","腾信股份","北京","互联网","创业板","20140910"
"1864","300393.SZ","300393","中来股份","江苏","塑料","创业板","20140912"
"1865","300394.SZ","300394","天孚通信","江苏","通信设备","创业板","20150217"
"1866","300395.SZ","300395","菲利华","湖北","玻璃","创业板","20140910"
"1867","300396.SZ","300396","迪瑞医疗","吉林","医疗保健","创业板","20140910"
"1868","300397.SZ","300397","天和防务","陕西","通信设备","创业板","20140910"
"1869","300398.SZ","300398","飞凯材料","上海","染料涂料","创业板","20141009"
"1870","300399.SZ","300399","天利科技","江西","互联网","创业板","20141009"
"1871","300400.SZ","300400","劲拓股份","深圳","专用机械","创业板","20141010"
"1872","300401.SZ","300401","花园生物","浙江","食品","创业板","20141009"
"1873","300402.SZ","300402","宝色股份","江苏","专用机械","创业板","20141010"
"1874","300403.SZ","300403","汉宇集团","广东","家用电器","创业板","20141030"
"1875","300404.SZ","300404","博济医药","广东","医疗保健","创业板","20150424"
"1876","300405.SZ","300405","科隆股份","辽宁","化工原料","创业板","20141030"
"1877","300406.SZ","300406","九强生物","北京","医疗保健","创业板","20141030"
"1878","300407.SZ","300407","凯发电气","天津","电气设备","创业板","20141203"
"1879","300408.SZ","300408","三环集团","广东","元器件","创业板","20141203"
"1880","300409.SZ","300409","道氏技术","广东","陶瓷","创业板","20141203"
"1881","300410.SZ","300410","正业科技","广东","电器仪表","创业板","20141231"
"1882","300411.SZ","300411","金盾股份","浙江","专用机械","创业板","20141231"
"1883","300412.SZ","300412","迦南科技","浙江","医疗保健","创业板","20141231"
"1884","300413.SZ","300413","芒果超媒","湖南","影视音像","创业板","20150121"
"1885","300414.SZ","300414","中光防雷","四川","通信设备","创业板","20150513"
"1886","300415.SZ","300415","伊之密","广东","专用机械","创业板","20150123"
"1887","300416.SZ","300416","苏试试验","江苏","电器仪表","创业板","20150122"
"1888","300417.SZ","300417","南华仪器","广东","电器仪表","创业板","20150123"
"1889","300418.SZ","300418","昆仑万维","北京","互联网","创业板","20150121"
"1890","300419.SZ","300419","浩丰科技","北京","软件服务","创业板","20150122"
"1891","300420.SZ","300420","五洋停车","江苏","机械基件","创业板","20150217"
"1892","300421.SZ","300421","力星股份","江苏","机械基件","创业板","20150217"
"1893","300422.SZ","300422","博世科","广西","环境保护","创业板","20150217"
"1894","300423.SZ","300423","昇辉科技","山东","电气设备","创业板","20150217"
"1895","300424.SZ","300424","航新科技","广东","航空","创业板","20150422"
"1896","300425.SZ","300425","中建环能","四川","环境保护","创业板","20150216"
"1897","300426.SZ","300426","唐德影视","浙江","影视音像","创业板","20150217"
"1898","300427.SZ","300427","红相股份","福建","电气设备","创业板","20150217"
"1899","300428.SZ","300428","立中集团","河北","汽车配件","创业板","20150319"
"1900","300429.SZ","300429","强力新材","江苏","化工原料","创业板","20150324"
"1901","300430.SZ","300430","诚益通","北京","电器仪表","创业板","20150319"
"1902","300432.SZ","300432","富临精工","四川","汽车配件","创业板","20150319"
"1903","300433.SZ","300433","蓝思科技","湖南","元器件","创业板","20150318"
"1904","300434.SZ","300434","金石亚药","四川","化学制药","创业板","20150424"
"1905","300435.SZ","300435","中泰股份","浙江","供气供热","创业板","20150326"
"1906","300436.SZ","300436","广生堂","福建","化学制药","创业板","20150422"
"1907","300437.SZ","300437","清水源","河南","化工原料","创业板","20150423"
"1908","300438.SZ","300438","鹏辉能源","广东","电气设备","创业板","20150424"
"1909","300439.SZ","300439","美康生物","浙江","医疗保健","创业板","20150422"
"1910","300440.SZ","300440","运达科技","四川","软件服务","创业板","20150423"
"1911","300441.SZ","300441","鲍斯股份","浙江","机床制造","创业板","20150423"
"1912","300442.SZ","300442","普丽盛","上海","轻工机械","创业板","20150424"
"1913","300443.SZ","300443","金雷股份","山东","电气设备","创业板","20150422"
"1914","300444.SZ","300444","双杰电气","北京","电气设备","创业板","20150423"
"1915","300445.SZ","300445","康斯特","北京","电器仪表","创业板","20150424"
"1916","300446.SZ","300446","*ST乐材","河北","化工原料","创业板","20150423"
"1917","300447.SZ","300447","全信股份","江苏","电气设备","创业板","20150422"
"1918","300448.SZ","300448","浩云科技","广东","软件服务","创业板","20150424"
"1919","300449.SZ","300449","汉邦高科","北京","IT设备","创业板","20150422"
"1920","300450.SZ","300450","先导智能","江苏","专用机械","创业板","20150518"
"1921","300451.SZ","300451","创业慧康","浙江","软件服务","创业板","20150514"
"1922","300452.SZ","300452","山河药辅","安徽","化学制药","创业板","20150515"
"1923","300453.SZ","300453","三鑫医疗","江西","医疗保健","创业板","20150515"
"1924","300454.SZ","300454","深信服","深圳","软件服务","创业板","20180516"
"1925","300455.SZ","300455","康拓红外","北京","运输设备","创业板","20150515"
"1926","300456.SZ","300456","赛微电子","北京","元器件","创业板","20150514"
"1927","300457.SZ","300457","赢合科技","深圳","专用机械","创业板","20150514"
"1928","300458.SZ","300458","全志科技","广东","元器件","创业板","20150515"
"1929","300459.SZ","300459","汤姆猫","浙江","互联网","创业板","20150515"
"1930","300460.SZ","300460","惠伦晶体","广东","元器件","创业板","20150515"
"1931","300461.SZ","300461","田中精机","浙江","专用机械","创业板","20150519"
"1932","300462.SZ","300462","华铭智能","上海","专用机械","创业板","20150527"
"1933","300463.SZ","300463","迈克生物","四川","医疗保健","创业板","20150528"
"1934","300464.SZ","300464","星徽股份","广东","机械基件","创业板","20150610"
"1935","300465.SZ","300465","高伟达","北京","软件服务","创业板","20150528"
"1936","300466.SZ","300466","赛摩智能","江苏","电器仪表","创业板","20150528"
"1937","300467.SZ","300467","迅游科技","四川","互联网","创业板","20150527"
"1938","300468.SZ","300468","四方精创","深圳","软件服务","创业板","20150527"
"1939","300469.SZ","300469","信息发展","上海","软件服务","创业板","20150611"
"1940","300470.SZ","300470","中密控股","四川","机械基件","创业板","20150612"
"1941","300471.SZ","300471","厚普股份","四川","专用机械","创业板","20150611"
"1942","300472.SZ","300472","新元科技","江西","专用机械","创业板","20150611"
"1943","300473.SZ","300473","德尔股份","辽宁","汽车配件","创业板","20150612"
"1944","300474.SZ","300474","景嘉微","湖南","元器件","创业板","20160331"
"1945","300475.SZ","300475","香农芯创","安徽","家用电器","创业板","20150610"
"1946","300476.SZ","300476","胜宏科技","广东","元器件","创业板","20150611"
"1947","300477.SZ","300477","合纵科技","北京","电气设备","创业板","20150610"
"1948","300478.SZ","300478","杭州高新","浙江","橡胶","创业板","20150610"
"1949","300479.SZ","300479","神思电子","山东","软件服务","创业板","20150612"
"1950","300480.SZ","300480","光力科技","河南","专用机械","创业板","20150702"
"1951","300481.SZ","300481","濮阳惠成","河南","化工原料","创业板","20150630"
"1952","300482.SZ","300482","万孚生物","广东","医疗保健","创业板","20150630"
"1953","300483.SZ","300483","首华燃气","上海","石油开采","创业板","20150630"
"1954","300484.SZ","300484","蓝海华腾","深圳","电气设备","创业板","20160322"
"1955","300485.SZ","300485","赛升药业","北京","生物制药","创业板","20150626"
"1956","300486.SZ","300486","东杰智能","山西","专用机械","创业板","20150630"
"1957","300487.SZ","300487","蓝晓科技","陕西","化工原料","创业板","20150702"
"1958","300488.SZ","300488","恒锋工具","浙江","机械基件","创业板","20150701"
"1959","300489.SZ","300489","光智科技","黑龙江","铝","创业板","20150701"
"1960","300490.SZ","300490","华自科技","湖南","电气设备","创业板","20151231"
"1961","300491.SZ","300491","通合科技","河北","电气设备","创业板","20151231"
"1962","300492.SZ","300492","华图山鼎","四川","建筑工程","创业板","20151223"
"1963","300493.SZ","300493","润欣科技","上海","通信设备","创业板","20151210"
"1964","300494.SZ","300494","盛天网络","湖北","互联网","创业板","20151231"
"1965","300495.SZ","300495","*ST美尚","江苏","环境保护","创业板","20151222"
"1966","300496.SZ","300496","中科创达","北京","软件服务","创业板","20151210"
"1967","300497.SZ","300497","富祥药业","江西","化学制药","创业板","20151222"
"1968","300498.SZ","300498","温氏股份","广东","农业综合","创业板","20151102"
"1969","300499.SZ","300499","高澜股份","广东","专用机械","创业板","20160202"
"1970","300500.SZ","300500","启迪设计","江苏","建筑工程","创业板","20160204"
"1971","300501.SZ","300501","海顺新材","上海","广告包装","创业板","20160204"
"1972","300502.SZ","300502","新易盛","四川","通信设备","创业板","20160303"
"1973","300503.SZ","300503","昊志机电","广东","机械基件","创业板","20160309"
"1974","300504.SZ","300504","天邑股份","四川","通信设备","创业板","20180330"
"1975","300505.SZ","300505","川金诺","云南","化工原料","创业板","20160315"
"1976","300506.SZ","300506","名家汇","深圳","建筑工程","创业板","20160324"
"1977","300507.SZ","300507","苏奥传感","江苏","汽车配件","创业板","20160429"
"1978","300508.SZ","300508","维宏股份","上海","软件服务","创业板","20160419"
"1979","300509.SZ","300509","新美星","江苏","专用机械","创业板","20160425"
"1980","300510.SZ","300510","金冠股份","吉林","电气设备","创业板","20160506"
"1981","300511.SZ","300511","雪榕生物","上海","种植业","创业板","20160504"
"1982","300512.SZ","300512","中亚股份","浙江","专用机械","创业板","20160526"
"1983","300513.SZ","300513","恒实科技","北京","软件服务","创业板","20160530"
"1984","300514.SZ","300514","友讯达","深圳","电器仪表","创业板","20170426"
"1985","300515.SZ","300515","三德科技","湖南","电器仪表","创业板","20160608"
"1986","300516.SZ","300516","久之洋","湖北","电器仪表","创业板","20160602"
"1987","300517.SZ","300517","海波重科","湖北","建筑工程","创业板","20160719"
"1988","300518.SZ","300518","盛讯达","深圳","互联网","创业板","20160624"
"1989","300519.SZ","300519","新光药业","浙江","中成药","创业板","20160624"
"1990","300520.SZ","300520","科大国创","安徽","软件服务","创业板","20160708"
"1991","300521.SZ","300521","爱司凯","广东","专用机械","创业板","20160705"
"1992","300522.SZ","300522","世名科技","江苏","染料涂料","创业板","20160705"
"1993","300523.SZ","300523","辰安科技","北京","软件服务","创业板","20160726"
"1994","300525.SZ","300525","博思软件","福建","软件服务","创业板","20160726"
"1995","300526.SZ","300526","中潜股份","广东","专用机械","创业板","20160802"
"1996","300527.SZ","300527","中船应急","湖北","专用机械","创业板","20160805"
"1997","300528.SZ","300528","幸福蓝海","江苏","影视音像","创业板","20160808"
"1998","300529.SZ","300529","健帆生物","广东","医疗保健","创业板","20160802"
"1999","300530.SZ","300530","*ST达志","湖南","化工原料","创业板","20160809"
"2000","300531.SZ","300531","优博讯","深圳","软件服务","创业板","20160809"
"2001","300532.SZ","300532","今天国际","深圳","软件服务","创业板","20160818"
"2002","300533.SZ","300533","冰川网络","深圳","互联网","创业板","20160818"
"2003","300534.SZ","300534","陇神戎发","甘肃","中成药","创业板","20160913"
"2004","300535.SZ","300535","达威股份","四川","化工原料","创业板","20160812"
"2005","300536.SZ","300536","农尚环境","湖北","建筑工程","创业板","20160920"
"2006","300537.SZ","300537","广信材料","江苏","染料涂料","创业板","20160830"
"2007","300538.SZ","300538","同益股份","深圳","批发业","创业板","20160826"
"2008","300539.SZ","300539","横河精密","浙江","塑料","创业板","20160830"
"2009","300540.SZ","300540","深冷股份","四川","专用机械","创业板","20160823"
"2010","300541.SZ","300541","先进数通","北京","软件服务","创业板","20160913"
"2011","300542.SZ","300542","新晨科技","北京","软件服务","创业板","20160920"
"2012","300543.SZ","300543","朗科智能","深圳","电气设备","创业板","20160908"
"2013","300545.SZ","300545","联得装备","深圳","专用机械","创业板","20160928"
"2014","300546.SZ","300546","雄帝科技","深圳","元器件","创业板","20160928"
"2015","300547.SZ","300547","川环科技","四川","汽车配件","创业板","20160930"
"2016","300548.SZ","300548","博创科技","浙江","元器件","创业板","20161012"
"2017","300549.SZ","300549","优德精密","江苏","专用机械","创业板","20160930"
"2018","300550.SZ","300550","和仁科技","浙江","软件服务","创业板","20161018"
"2019","300551.SZ","300551","古鳌科技","上海","IT设备","创业板","20161018"
"2020","300552.SZ","300552","万集科技","北京","软件服务","创业板","20161021"
"2021","300553.SZ","300553","集智股份","浙江","电器仪表","创业板","20161021"
"2022","300554.SZ","300554","三超新材","江苏","矿物制品","创业板","20170421"
"2023","300555.SZ","300555","路通视信","江苏","通信设备","创业板","20161018"
"2024","300556.SZ","300556","丝路视觉","深圳","软件服务","创业板","20161104"
"2025","300557.SZ","300557","理工光科","湖北","电器仪表","创业板","20161101"
"2026","300558.SZ","300558","贝达药业","浙江","化学制药","创业板","20161107"
"2027","300559.SZ","300559","佳发教育","四川","软件服务","创业板","20161101"
"2028","300560.SZ","300560","中富通","福建","通信设备","创业板","20161101"
"2029","300561.SZ","300561","汇金科技","广东","软件服务","创业板","20161117"
"2030","300562.SZ","300562","乐心医疗","广东","医疗保健","创业板","20161116"
"2031","300563.SZ","300563","神宇股份","江苏","通信设备","创业板","20161114"
"2032","300564.SZ","300564","筑博设计","西藏","建筑工程","创业板","20191108"
"2033","300565.SZ","300565","科信技术","深圳","通信设备","创业板","20161122"
"2034","300566.SZ","300566","激智科技","浙江","元器件","创业板","20161115"
"2035","300567.SZ","300567","精测电子","湖北","电器仪表","创业板","20161122"
"2036","300568.SZ","300568","星源材质","深圳","化工原料","创业板","20161201"
"2037","300569.SZ","300569","天能重工","山东","电气设备","创业板","20161125"
"2038","300570.SZ","300570","太辰光","深圳","元器件","创业板","20161206"
"2039","300571.SZ","300571","平治信息","浙江","互联网","创业板","20161213"
"2040","300572.SZ","300572","安车检测","深圳","电器仪表","创业板","20161206"
"2041","300573.SZ","300573","兴齐眼药","辽宁","化学制药","创业板","20161208"
"2042","300575.SZ","300575","中旗股份","江苏","农药化肥","创业板","20161220"
"2043","300576.SZ","300576","容大感光","深圳","染料涂料","创业板","20161220"
"2044","300577.SZ","300577","开润股份","安徽","纺织","创业板","20161221"
"2045","300578.SZ","300578","会畅通讯","上海","通信设备","创业板","20170125"
"2046","300579.SZ","300579","数字认证","北京","软件服务","创业板","20161223"
"2047","300580.SZ","300580","贝斯特","江苏","汽车配件","创业板","20170111"
"2048","300581.SZ","300581","晨曦航空","陕西","航空","创业板","20161220"
"2049","300582.SZ","300582","英飞特","浙江","半导体","创业板","20161228"
"2050","300583.SZ","300583","赛托生物","山东","生物制药","创业板","20170106"
"2051","300584.SZ","300584","海辰药业","江苏","化学制药","创业板","20170112"
"2052","300585.SZ","300585","奥联电子","江苏","汽车配件","创业板","20161229"
"2053","300586.SZ","300586","美联新材","广东","化工原料","创业板","20170104"
"2054","300587.SZ","300587","天铁股份","浙江","橡胶","创业板","20170105"
"2055","300588.SZ","300588","熙菱信息","新疆","软件服务","创业板","20170105"
"2056","300589.SZ","300589","江龙船艇","广东","船舶","创业板","20170113"
"2057","300590.SZ","300590","移为通信","上海","通信设备","创业板","20170111"
"2058","300591.SZ","300591","万里马","广东","服饰","创业板","20170110"
"2059","300592.SZ","300592","华凯创意","湖南","文教休闲","创业板","20170120"
"2060","300593.SZ","300593","新雷能","北京","电气设备","创业板","20170113"
"2061","300594.SZ","300594","朗进科技","山东","运输设备","创业板","20190621"
"2062","300595.SZ","300595","欧普康视","安徽","医疗保健","创业板","20170117"
"2063","300596.SZ","300596","利安隆","天津","化工原料","创业板","20170119"
"2064","300597.SZ","300597","吉大通信","吉林","通信设备","创业板","20170123"
"2065","300598.SZ","300598","诚迈科技","江苏","软件服务","创业板","20170120"
"2066","300599.SZ","300599","雄塑科技","广东","塑料","创业板","20170123"
"2067","300600.SZ","300600","国瑞科技","江苏","船舶","创业板","20170125"
"2068","300601.SZ","300601","康泰生物","深圳","生物制药","创业板","20170207"
"2069","300602.SZ","300602","飞荣达","深圳","元器件","创业板","20170126"
"2070","300603.SZ","300603","立昂技术","新疆","通信设备","创业板","20170126"
"2071","300604.SZ","300604","长川科技","浙江","专用机械","创业板","20170417"
"2072","300605.SZ","300605","恒锋信息","福建","软件服务","创业板","20170208"
"2073","300606.SZ","300606","金太阳","广东","机械基件","创业板","20170208"
"2074","300607.SZ","300607","拓斯达","广东","专用机械","创业板","20170209"
"2075","300608.SZ","300608","思特奇","北京","软件服务","创业板","20170213"
"2076","300609.SZ","300609","汇纳科技","上海","互联网","创业板","20170215"
"2077","300610.SZ","300610","晨化股份","江苏","化工原料","创业板","20170213"
"2078","300611.SZ","300611","美力科技","浙江","汽车配件","创业板","20170220"
"2079","300612.SZ","300612","宣亚国际","北京","广告包装","创业板","20170215"
"2080","300613.SZ","300613","富瀚微","上海","半导体","创业板","20170220"
"2081","300614.SZ","300614","百川畅银","河南","环境保护","创业板","20210525"
"2082","300615.SZ","300615","欣天科技","深圳","元器件","创业板","20170215"
"2083","300616.SZ","300616","尚品宅配","广东","家居用品","创业板","20170307"
"2084","300617.SZ","300617","安靠智电","江苏","电气设备","创业板","20170228"
"2085","300618.SZ","300618","寒锐钴业","江苏","小金属","创业板","20170306"
"2086","300619.SZ","300619","金银河","广东","专用机械","创业板","20170301"
"2087","300620.SZ","300620","光库科技","广东","元器件","创业板","20170310"
"2088","300621.SZ","300621","维业股份","深圳","装修装饰","创业板","20170316"
"2089","300622.SZ","300622","博士眼镜","深圳","其他商业","创业板","20170315"
"2090","300623.SZ","300623","捷捷微电","江苏","半导体","创业板","20170314"
"2091","300624.SZ","300624","万兴科技","西藏","软件服务","创业板","20180118"
"2092","300625.SZ","300625","三雄极光","广东","家用电器","创业板","20170317"
"2093","300626.SZ","300626","华瑞股份","浙江","电气设备","创业板","20170320"
"2094","300627.SZ","300627","华测导航","上海","通信设备","创业板","20170321"
"2095","300628.SZ","300628","亿联网络","福建","通信设备","创业板","20170317"
"2096","300629.SZ","300629","新劲刚","广东","元器件","创业板","20170324"
"2097","300630.SZ","300630","普利制药","海南","化学制药","创业板","20170328"
"2098","300631.SZ","300631","久吾高科","江苏","水务","创业板","20170323"
"2099","300632.SZ","300632","光莆股份","福建","半导体","创业板","20170406"
"2100","300633.SZ","300633","开立医疗","深圳","医疗保健","创业板","20170406"
"2101","300634.SZ","300634","彩讯股份","深圳","软件服务","创业板","20180323"
"2102","300635.SZ","300635","中达安","广东","建筑工程","创业板","20170331"
"2103","300636.SZ","300636","同和药业","江西","化学制药","创业板","20170331"
"2104","300637.SZ","300637","扬帆新材","浙江","化工原料","创业板","20170412"
"2105","300638.SZ","300638","广和通","深圳","通信设备","创业板","20170413"
"2106","300639.SZ","300639","凯普生物","广东","医疗保健","创业板","20170412"
"2107","300640.SZ","300640","德艺文创","福建","家居用品","创业板","20170417"
"2108","300641.SZ","300641","正丹股份","江苏","化工原料","创业板","20170418"
"2109","300642.SZ","300642","透景生命","上海","医疗保健","创业板","20170421"
"2110","300643.SZ","300643","万通智控","浙江","汽车配件","创业板","20170505"
"2111","300644.SZ","300644","南京聚隆","江苏","塑料","创业板","20180206"
"2112","300645.SZ","300645","正元智慧","浙江","软件服务","创业板","20170421"
"2113","300647.SZ","300647","超频三","深圳","元器件","创业板","20170503"
"2114","300648.SZ","300648","星云股份","福建","电器仪表","创业板","20170425"
"2115","300649.SZ","300649","杭州园林","浙江","建筑工程","创业板","20170505"
"2116","300650.SZ","300650","太龙股份","福建","电气设备","创业板","20170503"
"2117","300651.SZ","300651","金陵体育","江苏","文教休闲","创业板","20170509"
"2118","300652.SZ","300652","雷迪克","浙江","汽车配件","创业板","20170516"
"2119","300653.SZ","300653","正海生物","山东","医疗保健","创业板","20170516"
"2120","300654.SZ","300654","世纪天鸿","山东","出版业","创业板","20170926"
"2121","300655.SZ","300655","晶瑞电材","江苏","化工原料","创业板","20170523"
"2122","300656.SZ","300656","民德电子","深圳","IT设备","创业板","20170519"
"2123","300657.SZ","300657","弘信电子","福建","元器件","创业板","20170523"
"2124","300658.SZ","300658","延江股份","福建","纺织","创业板","20170602"
"2125","300659.SZ","300659","中孚信息","山东","软件服务","创业板","20170526"
"2126","300660.SZ","300660","江苏雷利","江苏","电气设备","创业板","20170602"
"2127","300661.SZ","300661","圣邦股份","北京","元器件","创业板","20170606"
"2128","300662.SZ","300662","科锐国际","北京","综合类","创业板","20170608"
"2129","300663.SZ","300663","科蓝软件","北京","软件服务","创业板","20170608"
"2130","300664.SZ","300664","鹏鹞环保","江苏","环境保护","创业板","20180105"
"2131","300665.SZ","300665","飞鹿股份","湖南","染料涂料","创业板","20170613"
"2132","300666.SZ","300666","江丰电子","浙江","元器件","创业板","20170615"
"2133","300667.SZ","300667","必创科技","北京","电器仪表","创业板","20170619"
"2134","300668.SZ","300668","杰恩设计","深圳","装修装饰","创业板","20170619"
"2135","300669.SZ","300669","沪宁股份","浙江","机械基件","创业板","20170629"
"2136","300670.SZ","300670","大烨智能","江苏","电气设备","创业板","20170703"
"2137","300671.SZ","300671","富满微","深圳","半导体","创业板","20170705"
"2138","300672.SZ","300672","国科微","湖南","半导体","创业板","20170712"
"2139","300673.SZ","300673","佩蒂股份","浙江","饲料","创业板","20170711"
"2140","300674.SZ","300674","宇信科技","北京","软件服务","创业板","20181107"
"2141","300675.SZ","300675","建科院","深圳","建筑工程","创业板","20170719"
"2142","300676.SZ","300676","华大基因","深圳","医疗保健","创业板","20170714"
"2143","300677.SZ","300677","英科医疗","山东","医疗保健","创业板","20170721"
"2144","300678.SZ","300678","中科信息","四川","软件服务","创业板","20170728"
"2145","300679.SZ","300679","电连技术","深圳","元器件","创业板","20170731"
"2146","300680.SZ","300680","隆盛科技","江苏","汽车配件","创业板","20170725"
"2147","300681.SZ","300681","英搏尔","广东","汽车配件","创业板","20170725"
"2148","300682.SZ","300682","朗新科技","江苏","软件服务","创业板","20170801"
"2149","300683.SZ","300683","海特生物","湖北","生物制药","创业板","20170808"
"2150","300684.SZ","300684","中石科技","北京","化工原料","创业板","20171227"
"2151","300685.SZ","300685","艾德生物","福建","医疗保健","创业板","20170802"
"2152","300686.SZ","300686","智动力","深圳","元器件","创业板","20170804"
"2153","300687.SZ","300687","赛意信息","广东","软件服务","创业板","20170803"
"2154","300688.SZ","300688","创业黑马","北京","文教休闲","创业板","20170810"
"2155","300689.SZ","300689","澄天伟业","深圳","元器件","创业板","20170809"
"2156","300690.SZ","300690","双一科技","山东","电气设备","创业板","20170808"
"2157","300691.SZ","300691","联合光电","广东","元器件","创业板","20170811"
"2158","300692.SZ","300692","中环环保","安徽","环境保护","创业板","20170821"
"2159","300693.SZ","300693","盛弘股份","深圳","电气设备","创业板","20170822"
"2160","300694.SZ","300694","蠡湖股份","江苏","汽车配件","创业板","20181015"
"2161","300695.SZ","300695","兆丰股份","浙江","汽车配件","创业板","20170908"
"2162","300696.SZ","300696","爱乐达","四川","航空","创业板","20170822"
"2163","300697.SZ","300697","电工合金","江苏","铜","创业板","20170907"
"2164","300698.SZ","300698","万马科技","浙江","通信设备","创业板","20170831"
"2165","300699.SZ","300699","光威复材","山东","化工原料","创业板","20170901"
"2166","300700.SZ","300700","岱勒新材","湖南","矿物制品","创业板","20170912"
"2167","300701.SZ","300701","森霸传感","河南","元器件","创业板","20170915"
"2168","300702.SZ","300702","天宇股份","浙江","化学制药","创业板","20170919"
"2169","300703.SZ","300703","创源股份","浙江","文教休闲","创业板","20170919"
"2170","300705.SZ","300705","九典制药","湖南","化学制药","创业板","20171010"
"2171","300706.SZ","300706","阿石创","福建","元器件","创业板","20170926"
"2172","300707.SZ","300707","威唐工业","江苏","专用机械","创业板","20171010"
"2173","300708.SZ","300708","聚灿光电","江苏","半导体","创业板","20171016"
"2174","300709.SZ","300709","精研科技","江苏","元器件","创业板","20171019"
"2175","300710.SZ","300710","万隆光电","浙江","通信设备","创业板","20171019"
"2176","300711.SZ","300711","广哈通信","广东","通信设备","创业板","20171101"
"2177","300712.SZ","300712","永福股份","福建","建筑工程","创业板","20171031"
"2178","300713.SZ","300713","英可瑞","深圳","电气设备","创业板","20171101"
"2179","300715.SZ","300715","凯伦股份","江苏","其他建材","创业板","20171026"
"2180","300716.SZ","300716","国立科技","广东","塑料","创业板","20171109"
"2181","300717.SZ","300717","华信新材","江苏","塑料","创业板","20171106"
"2182","300718.SZ","300718","长盛轴承","浙江","机械基件","创业板","20171106"
"2183","300719.SZ","300719","安达维尔","北京","航空","创业板","20171109"
"2184","300720.SZ","300720","海川智能","广东","电器仪表","创业板","20171106"
"2185","300721.SZ","300721","怡达股份","江苏","化工原料","创业板","20171115"
"2186","300722.SZ","300722","新余国科","江西","航空","创业板","20171110"
"2187","300723.SZ","300723","一品红","广东","化学制药","创业板","20171116"
"2188","300724.SZ","300724","捷佳伟创","深圳","专用机械","创业板","20180810"
"2189","300725.SZ","300725","药石科技","江苏","化学制药","创业板","20171110"
"2190","300726.SZ","300726","宏达电子","湖南","元器件","创业板","20171121"
"2191","300727.SZ","300727","润禾材料","浙江","化工原料","创业板","20171127"
"2192","300729.SZ","300729","乐歌股份","浙江","家居用品","创业板","20171201"
"2193","300730.SZ","300730","科创信息","湖南","软件服务","创业板","20171205"
"2194","300731.SZ","300731","科创新源","深圳","橡胶","创业板","20171208"
"2195","300732.SZ","300732","设研院","河南","建筑工程","创业板","20171212"
"2196","300733.SZ","300733","西菱动力","四川","汽车配件","创业板","20180116"
"2197","300735.SZ","300735","光弘科技","广东","通信设备","创业板","20171229"
"2198","300736.SZ","300736","百邦科技","北京","通信设备","创业板","20180109"
"2199","300737.SZ","300737","科顺股份","广东","其他建材","创业板","20180125"
"2200","300738.SZ","300738","奥飞数据","广东","电信运营","创业板","20180119"
"2201","300739.SZ","300739","明阳电路","深圳","元器件","创业板","20180201"
"2202","300740.SZ","300740","水羊股份","湖南","日用化工","创业板","20180208"
"2203","300741.SZ","300741","华宝股份","西藏","食品","创业板","20180301"
"2204","300742.SZ","300742","越博动力","江苏","汽车配件","创业板","20180508"
"2205","300743.SZ","300743","天地数码","浙江","IT设备","创业板","20180427"
"2206","300745.SZ","300745","欣锐科技","深圳","汽车配件","创业板","20180523"
"2207","300746.SZ","300746","汉嘉设计","浙江","建筑工程","创业板","20180525"
"2208","300747.SZ","300747","锐科激光","湖北","元器件","创业板","20180625"
"2209","300748.SZ","300748","金力永磁","江西","元器件","创业板","20180921"
"2210","300749.SZ","300749","顶固集创","广东","家居用品","创业板","20180925"
"2211","300750.SZ","300750","宁德时代","福建","电气设备","创业板","20180611"
"2212","300751.SZ","300751","迈为股份","江苏","专用机械","创业板","20181109"
"2213","300752.SZ","300752","隆利科技","深圳","元器件","创业板","20181130"
"2214","300753.SZ","300753","爱朋医疗","江苏","医疗保健","创业板","20181213"
"2215","300755.SZ","300755","华致酒行","云南","其他商业","创业板","20190129"
"2216","300756.SZ","300756","金马游乐","广东","专用机械","创业板","20181228"
"2217","300757.SZ","300757","罗博特科","江苏","专用机械","创业板","20190108"
"2218","300758.SZ","300758","七彩化学","辽宁","染料涂料","创业板","20190222"
"2219","300759.SZ","300759","康龙化成","北京","化学制药","创业板","20190128"
"2220","300760.SZ","300760","迈瑞医疗","深圳","医疗保健","创业板","20181016"
"2221","300761.SZ","300761","立华股份","江苏","农业综合","创业板","20190218"
"2222","300762.SZ","300762","上海瀚讯","上海","通信设备","创业板","20190314"
"2223","300763.SZ","300763","锦浪科技","浙江","电气设备","创业板","20190319"
"2224","300765.SZ","300765","新诺威","河北","食品","创业板","20190322"
"2225","300766.SZ","300766","每日互动","浙江","互联网","创业板","20190325"
"2226","300767.SZ","300767","震安科技","云南","橡胶","创业板","20190329"
"2227","300768.SZ","300768","迪普科技","浙江","软件服务","创业板","20190412"
"2228","300769.SZ","300769","德方纳米","深圳","化工原料","创业板","20190415"
"2229","300770.SZ","300770","新媒股份","广东","影视音像","创业板","20190419"
"2230","300771.SZ","300771","智莱科技","深圳","IT设备","创业板","20190422"
"2231","300772.SZ","300772","运达股份","浙江","电气设备","创业板","20190426"
"2232","300773.SZ","300773","拉卡拉","北京","软件服务","创业板","20190425"
"2233","300774.SZ","300774","倍杰特","北京","环境保护","创业板","20210804"
"2234","300775.SZ","300775","三角防务","陕西","航空","创业板","20190521"
"2235","300776.SZ","300776","帝尔激光","湖北","专用机械","创业板","20190517"
"2236","300777.SZ","300777","中简科技","江苏","化纤","创业板","20190516"
"2237","300778.SZ","300778","新城市","深圳","建筑工程","创业板","20190510"
"2238","300779.SZ","300779","惠城环保","山东","环境保护","创业板","20190522"
"2239","300780.SZ","300780","德恩精工","四川","机械基件","创业板","20190531"
"2240","300781.SZ","300781","因赛集团","广东","广告包装","创业板","20190606"
"2241","300782.SZ","300782","卓胜微","江苏","元器件","创业板","20190618"
"2242","300783.SZ","300783","三只松鼠","安徽","食品","创业板","20190712"
"2243","300785.SZ","300785","值得买","北京","互联网","创业板","20190715"
"2244","300786.SZ","300786","国林科技","山东","环境保护","创业板","20190723"
"2245","300787.SZ","300787","海能实业","江西","通信设备","创业板","20190815"
"2246","300788.SZ","300788","中信出版","北京","出版业","创业板","20190705"
"2247","300789.SZ","300789","唐源电气","四川","软件服务","创业板","20190828"
"2248","300790.SZ","300790","宇瞳光学","广东","电器仪表","创业板","20190920"
"2249","300791.SZ","300791","仙乐健康","广东","医疗保健","创业板","20190925"
"2250","300792.SZ","300792","壹网壹创","浙江","互联网","创业板","20190927"
"2251","300793.SZ","300793","佳禾智能","广东","IT设备","创业板","20191018"
"2252","300795.SZ","300795","*ST米奥","浙江","综合类","创业板","20191022"
"2253","300796.SZ","300796","贝斯美","浙江","化工原料","创业板","20191115"
"2254","300797.SZ","300797","钢研纳克","北京","电器仪表","创业板","20191101"
"2255","300798.SZ","300798","锦鸡股份","江苏","染料涂料","创业板","20191122"
"2256","300799.SZ","300799","左江科技","北京","软件服务","创业板","20191029"
"2257","300800.SZ","300800","力合科技","湖南","环境保护","创业板","20191106"
"2258","300801.SZ","300801","泰和科技","山东","化工原料","创业板","20191128"
"2259","300802.SZ","300802","矩子科技","上海","IT设备","创业板","20191114"
"2260","300803.SZ","300803","指南针","北京","软件服务","创业板","20191118"
"2261","300805.SZ","300805","电声股份","广东","广告包装","创业板","20191121"
"2262","300806.SZ","300806","斯迪克","江苏","塑料","创业板","20191125"
"2263","300807.SZ","300807","天迈科技","河南","软件服务","创业板","20191219"
"2264","300808.SZ","300808","久量股份","广东","家用电器","创业板","20191129"
"2265","300809.SZ","300809","华辰装备","江苏","机床制造","创业板","20191204"
"2266","300810.SZ","300810","中科海讯","北京","船舶","创业板","20191206"
"2267","300811.SZ","300811","铂科新材","深圳","元器件","创业板","20191230"
"2268","300812.SZ","300812","易天股份","深圳","专用机械","创业板","20200109"
"2269","300813.SZ","300813","泰林生物","浙江","医疗保健","创业板","20200114"
"2270","300814.SZ","300814","中富电路","深圳","元器件","创业板","20210812"
"2271","300815.SZ","300815","玉禾田","安徽","环境保护","创业板","20200123"
"2272","300816.SZ","300816","艾可蓝","安徽","环境保护","创业板","20200210"
"2273","300817.SZ","300817","双飞股份","浙江","机械基件","创业板","20200218"
"2274","300818.SZ","300818","耐普矿机","江西","专用机械","创业板","20200212"
"2275","300819.SZ","300819","聚杰微纤","江苏","化纤","创业板","20200312"
"2276","300820.SZ","300820","英杰电气","四川","电气设备","创业板","20200213"
"2277","300821.SZ","300821","东岳硅材","山东","化工原料","创业板","20200312"
"2278","300822.SZ","300822","贝仕达克","深圳","元器件","创业板","20200313"
"2279","300823.SZ","300823","建科机械","天津","专用机械","创业板","20200319"
"2280","300824.SZ","300824","北鼎股份","深圳","家用电器","创业板","20200619"
"2281","300825.SZ","300825","阿尔特","北京","汽车服务","创业板","20200327"
"2282","300826.SZ","300826","测绘股份","江苏","建筑工程","创业板","20200403"
"2283","300827.SZ","300827","上能电气","江苏","电气设备","创业板","20200410"
"2284","300828.SZ","300828","锐新科技","天津","铝","创业板","20200421"
"2285","300829.SZ","300829","金丹科技","河南","食品","创业板","20200422"
"2286","300830.SZ","300830","金现代","山东","软件服务","创业板","20200506"
"2287","300831.SZ","300831","派瑞股份","陕西","元器件","创业板","20200507"
"2288","300832.SZ","300832","新产业","深圳","医疗保健","创业板","20200512"
"2289","300833.SZ","300833","浩洋股份","广东","专用机械","创业板","20200520"
"2290","300834.SZ","300834","C星辉","广东","化工原料","创业板","20220113"
"2291","300835.SZ","300835","龙磁科技","安徽","元器件","创业板","20200525"
"2292","300836.SZ","300836","佰奥智能","江苏","专用机械","创业板","20200528"
"2293","300837.SZ","300837","浙矿股份","浙江","专用机械","创业板","20200605"
"2294","300838.SZ","300838","浙江力诺","浙江","电器仪表","创业板","20200608"
"2295","300839.SZ","300839","博汇股份","浙江","石油加工","创业板","20200630"
"2296","300840.SZ","300840","酷特智能","山东","服饰","创业板","20200708"
"2297","300841.SZ","300841","康华生物","四川","生物制药","创业板","20200616"
"2298","300842.SZ","300842","帝科股份","江苏","半导体","创业板","20200618"
"2299","300843.SZ","300843","胜蓝股份","广东","元器件","创业板","20200702"
"2300","300844.SZ","300844","山水比德","广东","建筑工程","创业板","20210813"
"2301","300845.SZ","300845","捷安高科","河南","软件服务","创业板","20200703"
"2302","300846.SZ","300846","首都在线","北京","软件服务","创业板","20200701"
"2303","300847.SZ","300847","中船汉光","河北","化工原料","创业板","20200709"
"2304","300848.SZ","300848","美瑞新材","山东","化工原料","创业板","20200720"
"2305","300849.SZ","300849","锦盛新材","浙江","塑料","创业板","20200710"
"2306","300850.SZ","300850","新强联","河南","机械基件","创业板","20200713"
"2307","300851.SZ","300851","交大思诺","北京","运输设备","创业板","20200717"
"2308","300852.SZ","300852","四会富仕","广东","元器件","创业板","20200713"
"2309","300853.SZ","300853","申昊科技","浙江","电器仪表","创业板","20200724"
"2310","300854.SZ","300854","中兰环保","深圳","环境保护","创业板","20210916"
"2311","300855.SZ","300855","图南股份","江苏","钢加工","创业板","20200723"
"2312","300856.SZ","300856","科思股份","江苏","化工原料","创业板","20200722"
"2313","300857.SZ","300857","协创数据","深圳","IT设备","创业板","20200727"
"2314","300858.SZ","300858","科拓生物","北京","食品","创业板","20200727"
"2315","300859.SZ","300859","*ST西域","新疆","旅游服务","创业板","20200806"
"2316","300860.SZ","300860","锋尚文化","北京","文教休闲","创业板","20200824"
"2317","300861.SZ","300861","美畅股份","陕西","矿物制品","创业板","20200824"
"2318","300862.SZ","300862","蓝盾光电","安徽","电器仪表","创业板","20200824"
"2319","300863.SZ","300863","卡倍亿","浙江","汽车配件","创业板","20200824"
"2320","300864.SZ","300864","南大环境","江苏","环境保护","创业板","20200824"
"2321","300865.SZ","300865","大宏立","四川","专用机械","创业板","20200824"
"2322","300866.SZ","300866","安克创新","湖南","元器件","创业板","20200824"
"2323","300867.SZ","300867","圣元环保","福建","环境保护","创业板","20200824"
"2324","300868.SZ","300868","杰美特","深圳","通信设备","创业板","20200824"
"2325","300869.SZ","300869","康泰医学","河北","医疗保健","创业板","20200824"
"2326","300870.SZ","300870","欧陆通","深圳","元器件","创业板","20200824"
"2327","300871.SZ","300871","回盛生物","湖北","农业综合","创业板","20200824"
"2328","300872.SZ","300872","天阳科技","西藏","软件服务","创业板","20200824"
"2329","300873.SZ","300873","海晨股份","江苏","仓储物流","创业板","20200824"
"2330","300875.SZ","300875","捷强装备","天津","专用机械","创业板","20200824"
"2331","300876.SZ","300876","蒙泰高新","广东","化纤","创业板","20200824"
"2332","300877.SZ","300877","金春股份","安徽","纺织","创业板","20200824"
"2333","300878.SZ","300878","维康药业","浙江","中成药","创业板","20200824"
"2334","300879.SZ","300879","大叶股份","浙江","农用机械","创业板","20200901"
"2335","300880.SZ","300880","迦南智能","浙江","电器仪表","创业板","20200901"
"2336","300881.SZ","300881","盛德鑫泰","江苏","钢加工","创业板","20200901"
"2337","300882.SZ","300882","万胜智能","浙江","电器仪表","创业板","20200910"
"2338","300883.SZ","300883","龙利得","安徽","造纸","创业板","20200910"
"2339","300884.SZ","300884","狄耐克","福建","通信设备","创业板","20201112"
"2340","300885.SZ","300885","海昌新材","江苏","机械基件","创业板","20200910"
"2341","300886.SZ","300886","华业香料","安徽","化工原料","创业板","20200916"
"2342","300887.SZ","300887","谱尼测试","北京","综合类","创业板","20200916"
"2343","300888.SZ","300888","稳健医疗","深圳","医疗保健","创业板","20200917"
"2344","300889.SZ","300889","爱克股份","深圳","电气设备","创业板","20200916"
"2345","300890.SZ","300890","翔丰华","深圳","矿物制品","创业板","20200917"
"2346","300891.SZ","300891","惠云钛业","广东","化工原料","创业板","20200917"
"2347","300892.SZ","300892","品渥食品","上海","乳制品","创业板","20200924"
"2348","300893.SZ","300893","松原股份","浙江","汽车配件","创业板","20200924"
"2349","300894.SZ","300894","火星人","浙江","家用电器","创业板","20201231"
"2350","300895.SZ","300895","铜牛信息","北京","软件服务","创业板","20200924"
"2351","300896.SZ","300896","爱美客","北京","医疗保健","创业板","20200928"
"2352","300897.SZ","300897","山科智能","浙江","电器仪表","创业板","20200928"
"2353","300898.SZ","300898","熊猫乳品","浙江","乳制品","创业板","20201016"
"2354","300899.SZ","300899","上海凯鑫","上海","环境保护","创业板","20201016"
"2355","300900.SZ","300900","广联航空","黑龙江","航空","创业板","20201029"
"2356","300901.SZ","300901","中胤时尚","浙江","服饰","创业板","20201029"
"2357","300902.SZ","300902","国安达","福建","专用机械","创业板","20201029"
"2358","300903.SZ","300903","科翔股份","广东","元器件","创业板","20201105"
"2359","300905.SZ","300905","宝丽迪","江苏","塑料","创业板","20201105"
"2360","300906.SZ","300906","日月明","江西","专用机械","创业板","20201105"
"2361","300907.SZ","300907","康平科技","江苏","电气设备","创业板","20201118"
"2362","300908.SZ","300908","仲景食品","河南","食品","创业板","20201123"
"2363","300909.SZ","300909","汇创达","深圳","元器件","创业板","20201118"
"2364","300910.SZ","300910","瑞丰新材","河南","化工原料","创业板","20201127"
"2365","300911.SZ","300911","亿田智能","浙江","家用电器","创业板","20201203"
"2366","300912.SZ","300912","凯龙高科","江苏","环境保护","创业板","20201207"
"2367","300913.SZ","300913","兆龙互连","浙江","电气设备","创业板","20201207"
"2368","300915.SZ","300915","海融科技","上海","食品","创业板","20201202"
"2369","300916.SZ","300916","朗特智能","深圳","元器件","创业板","20201202"
"2370","300917.SZ","300917","特发服务","深圳","房产服务","创业板","20201221"
"2371","300918.SZ","300918","南山智尚","山东","纺织","创业板","20201222"
"2372","300919.SZ","300919","中伟股份","贵州","电气设备","创业板","20201223"
"2373","300920.SZ","300920","润阳科技","浙江","塑料","创业板","20201225"
"2374","300921.SZ","300921","南凌科技","深圳","互联网","创业板","20201222"
"2375","300922.SZ","300922","天秦装备","河北","专用机械","创业板","20201225"
"2376","300923.SZ","300923","研奥股份","吉林","运输设备","创业板","20201224"
"2377","300925.SZ","300925","法本信息","深圳","软件服务","创业板","20201230"
"2378","300926.SZ","300926","博俊科技","江苏","汽车配件","创业板","20210107"
"2379","300927.SZ","300927","江天化学","江苏","化工原料","创业板","20210107"
"2380","300928.SZ","300928","华安鑫创","北京","汽车配件","创业板","20210106"
"2381","300929.SZ","300929","华骐环保","安徽","环境保护","创业板","20210120"
"2382","300930.SZ","300930","屹通新材","浙江","小金属","创业板","20210121"
"2383","300931.SZ","300931","通用电梯","江苏","运输设备","创业板","20210121"
"2384","300932.SZ","300932","三友联众","广东","电气设备","创业板","20210122"
"2385","300933.SZ","300933","中辰股份","江苏","电气设备","创业板","20210122"
"2386","300935.SZ","300935","盈建科","北京","软件服务","创业板","20210120"
"2387","300936.SZ","300936","中英科技","江苏","元器件","创业板","20210126"
"2388","300937.SZ","300937","药易购","四川","医药商业","创业板","20210127"
"2389","300938.SZ","300938","信测标准","深圳","综合类","创业板","20210127"
"2390","300939.SZ","300939","秋田微","深圳","元器件","创业板","20210128"
"2391","300940.SZ","300940","南极光","深圳","元器件","创业板","20210203"
"2392","300941.SZ","300941","创识科技","福建","软件服务","创业板","20210209"
"2393","300942.SZ","300942","易瑞生物","深圳","医疗保健","创业板","20210209"
"2394","300943.SZ","300943","春晖智控","浙江","机械基件","创业板","20210210"
"2395","300945.SZ","300945","曼卡龙","浙江","服饰","创业板","20210210"
"2396","300946.SZ","300946","恒而达","福建","机械基件","创业板","20210208"
"2397","300947.SZ","300947","德必集团","上海","综合类","创业板","20210210"
"2398","300948.SZ","300948","冠中生态","山东","环境保护","创业板","20210225"
"2399","300949.SZ","300949","奥雅设计","深圳","建筑工程","创业板","20210226"
"2400","300950.SZ","300950","德固特","山东","专用机械","创业板","20210303"
"2401","300951.SZ","300951","博硕科技","深圳","元器件","创业板","20210226"
"2402","300952.SZ","300952","恒辉安防","江苏","纺织","创业板","20210311"
"2403","300953.SZ","300953","震裕科技","浙江","机械基件","创业板","20210318"
"2404","300955.SZ","300955","嘉亨家化","福建","日用化工","创业板","20210324"
"2405","300956.SZ","300956","英力股份","安徽","IT设备","创业板","20210326"
"2406","300957.SZ","300957","贝泰妮","云南","日用化工","创业板","20210325"
"2407","300958.SZ","300958","建工修复","北京","环境保护","创业板","20210329"
"2408","300959.SZ","300959","线上线下","江苏","电信运营","创业板","20210322"
"2409","300960.SZ","300960","通业科技","深圳","运输设备","创业板","20210329"
"2410","300961.SZ","300961","深水海纳","深圳","环境保护","创业板","20210330"
"2411","300962.SZ","300962","中金辐照","深圳","综合类","创业板","20210409"
"2412","300963.SZ","300963","中洲特材","上海","小金属","创业板","20210409"
"2413","300964.SZ","300964","本川智能","江苏","元器件","创业板","20210805"
"2414","300965.SZ","300965","恒宇信通","北京","航空","创业板","20210402"
"2415","300966.SZ","300966","共同药业","湖北","化学制药","创业板","20210409"
"2416","300967.SZ","300967","晓鸣股份","宁夏","农业综合","创业板","20210413"
"2417","300968.SZ","300968","格林精密","广东","元器件","创业板","20210415"
"2418","300969.SZ","300969","恒帅股份","浙江","汽车配件","创业板","20210412"
"2419","300970.SZ","300970","华绿生物","江苏","种植业","创业板","20210412"
"2420","300971.SZ","300971","博亚精工","湖北","机械基件","创业板","20210415"
"2421","300972.SZ","300972","万辰生物","福建","种植业","创业板","20210419"
"2422","300973.SZ","300973","立高食品","广东","食品","创业板","20210415"
"2423","300975.SZ","300975","商络电子","江苏","商贸代理","创业板","20210421"
"2424","300976.SZ","300976","达瑞电子","广东","元器件","创业板","20210419"
"2425","300977.SZ","300977","深圳瑞捷","深圳","建筑工程","创业板","20210420"
"2426","300978.SZ","300978","东箭科技","广东","汽车配件","创业板","20210426"
"2427","300979.SZ","300979","华利集团","广东","服饰","创业板","20210426"
"2428","300980.SZ","300980","祥源新材","湖北","塑料","创业板","20210421"
"2429","300981.SZ","300981","中红医疗","河北","医疗保健","创业板","20210427"
"2430","300982.SZ","300982","苏文电能","江苏","建筑工程","创业板","20210427"
"2431","300983.SZ","300983","尤安设计","上海","建筑工程","创业板","20210420"
"2432","300984.SZ","300984","金沃股份","浙江","机械基件","创业板","20210618"
"2433","300985.SZ","300985","致远新能","吉林","汽车配件","创业板","20210429"
"2434","300986.SZ","300986","志特新材","江西","铝","创业板","20210430"
"2435","300987.SZ","300987","川网传媒","四川","互联网","创业板","20210511"
"2436","300988.SZ","300988","津荣天宇","天津","机械基件","创业板","20210512"
"2437","300989.SZ","300989","蕾奥规划","深圳","建筑工程","创业板","20210507"
"2438","300990.SZ","300990","同飞股份","河北","专用机械","创业板","20210512"
"2439","300991.SZ","300991","创益通","深圳","元器件","创业板","20210520"
"2440","300992.SZ","300992","泰福泵业","浙江","专用机械","创业板","20210525"
"2441","300993.SZ","300993","玉马遮阳","山东","家居用品","创业板","20210524"
"2442","300994.SZ","300994","久祺股份","浙江","文教休闲","创业板","20210812"
"2443","300995.SZ","300995","奇德新材","广东","塑料","创业板","20210526"
"2444","300996.SZ","300996","普联软件","山东","软件服务","创业板","20210603"
"2445","300997.SZ","300997","欢乐家","广东","软饮料","创业板","20210602"
"2446","300998.SZ","300998","宁波方正","浙江","专用机械","创业板","20210602"
"2447","300999.SZ","300999","金龙鱼","上海","食品","创业板","20201015"
"2448","301000.SZ","301000","肇民科技","上海","汽车配件","创业板","20210528"
"2449","301001.SZ","301001","凯淳股份","上海","互联网","创业板","20210528"
"2450","301002.SZ","301002","崧盛股份","深圳","电气设备","创业板","20210607"
"2451","301003.SZ","301003","江苏博云","江苏","塑料","创业板","20210601"
"2452","301004.SZ","301004","嘉益股份","浙江","家居用品","创业板","20210625"
"2453","301005.SZ","301005","超捷股份","上海","汽车配件","创业板","20210601"
"2454","301006.SZ","301006","迈拓股份","江苏","电器仪表","创业板","20210607"
"2455","301007.SZ","301007","德迈仕","辽宁","汽车配件","创业板","20210616"
"2456","301008.SZ","301008","宏昌科技","浙江","家用电器","创业板","20210611"
"2457","301009.SZ","301009","可靠股份","浙江","造纸","创业板","20210617"
"2458","301010.SZ","301010","晶雪节能","江苏","其他建材","创业板","20210618"
"2459","301011.SZ","301011","华立科技","广东","文教休闲","创业板","20210617"
"2460","301012.SZ","301012","扬电科技","江苏","电气设备","创业板","20210622"
"2461","301013.SZ","301013","利和兴","深圳","专用机械","创业板","20210629"
"2462","301015.SZ","301015","百洋医药","山东","医药商业","创业板","20210630"
"2463","301016.SZ","301016","雷尔伟","江苏","运输设备","创业板","20210630"
"2464","301017.SZ","301017","漱玉平民","山东","医药商业","创业板","20210705"
"2465","301018.SZ","301018","申菱环境","广东","专用机械","创业板","20210707"
"2466","301019.SZ","301019","宁波色母","浙江","塑料","创业板","20210628"
"2467","301020.SZ","301020","密封科技","山东","机械基件","创业板","20210706"
"2468","301021.SZ","301021","英诺激光","深圳","元器件","创业板","20210706"
"2469","301022.SZ","301022","海泰科","山东","专用机械","创业板","20210702"
"2470","301023.SZ","301023","江南奕帆","江苏","电气设备","创业板","20210707"
"2471","301024.SZ","301024","霍普股份","上海","建筑工程","创业板","20210728"
"2472","301025.SZ","301025","读客文化","上海","出版业","创业板","20210719"
"2473","301026.SZ","301026","浩通科技","江苏","小金属","创业板","20210716"
"2474","301027.SZ","301027","华蓝集团","广西","建筑工程","创业板","20210715"
"2475","301028.SZ","301028","东亚机械","福建","专用机械","创业板","20210720"
"2476","301029.SZ","301029","怡合达","广东","机械基件","创业板","20210723"
"2477","301030.SZ","301030","仕净科技","江苏","环境保护","创业板","20210722"
"2478","301031.SZ","301031","中熔电气","陕西","电气设备","创业板","20210715"
"2479","301032.SZ","301032","新柴股份","浙江","机械基件","创业板","20210722"
"2480","301033.SZ","301033","迈普医学","广东","医疗保健","创业板","20210726"
"2481","301035.SZ","301035","润丰股份","山东","农药化肥","创业板","20210728"
"2482","301036.SZ","301036","双乐股份","江苏","染料涂料","创业板","20210729"
"2483","301037.SZ","301037","保立佳","上海","化工原料","创业板","20210730"
"2484","301038.SZ","301038","深水规院","深圳","建筑工程","创业板","20210804"
"2485","301039.SZ","301039","中集车辆","深圳","汽车整车","创业板","20210708"
"2486","301040.SZ","301040","中环海陆","江苏","机械基件","创业板","20210803"
"2487","301041.SZ","301041","金百泽","深圳","元器件","创业板","20210811"
"2488","301042.SZ","301042","安联锐视","广东","电器仪表","创业板","20210805"
"2489","301043.SZ","301043","绿岛风","广东","机械基件","创业板","20210811"
"2490","301045.SZ","301045","天禄科技","江苏","元器件","创业板","20210813"
"2491","301046.SZ","301046","能辉科技","上海","新型电力","创业板","20210817"
"2492","301047.SZ","301047","义翘神州","北京","医疗保健","创业板","20210816"
"2493","301048.SZ","301048","金鹰重工","湖北","运输设备","创业板","20210818"
"2494","301049.SZ","301049","超越科技","安徽","环境保护","创业板","20210824"
"2495","301050.SZ","301050","雷电微力","四川","航空","创业板","20210824"
"2496","301051.SZ","301051","信濠光电","深圳","元器件","创业板","20210827"
"2497","301052.SZ","301052","果麦文化","浙江","出版业","创业板","20210830"
"2498","301053.SZ","301053","远信工业","浙江","专用机械","创业板","20210901"
"2499","301055.SZ","301055","张小泉","浙江","家居用品","创业板","20210906"
"2500","301056.SZ","301056","森赫股份","浙江","运输设备","创业板","20210907"
"2501","301057.SZ","301057","汇隆新材","浙江","化工原料","创业板","20210909"
"2502","301058.SZ","301058","中粮工科","江苏","建筑工程","创业板","20210909"
"2503","301059.SZ","301059","金三江","广东","化工原料","创业板","20210913"
"2504","301060.SZ","301060","兰卫医学","上海","医疗保健","创业板","20210913"
"2505","301061.SZ","301061","匠心家居","江苏","家居用品","创业板","20210913"
"2506","301062.SZ","301062","上海艾录","上海","广告包装","创业板","20210914"
"2507","301063.SZ","301063","海锅股份","江苏","电气设备","创业板","20210924"
"2508","301065.SZ","301065","本立科技","浙江","化工原料","创业板","20210914"
"2509","301066.SZ","301066","万事利","浙江","纺织","创业板","20210922"
"2510","301067.SZ","301067","显盈科技","深圳","元器件","创业板","20210922"
"2511","301068.SZ","301068","大地海洋","浙江","环境保护","创业板","20210928"
"2512","301069.SZ","301069","凯盛新材","山东","化工原料","创业板","20210927"
"2513","301070.SZ","301070","开勒股份","上海","机械基件","创业板","20210923"
"2514","301071.SZ","301071","力量钻石","河南","矿物制品","创业板","20210924"
"2515","301072.SZ","301072","中捷精工","江苏","汽车配件","创业板","20210929"
"2516","301073.SZ","301073","君亭酒店","浙江","酒店餐饮","创业板","20210930"
"2517","301075.SZ","301075","多瑞医药","西藏","化学制药","创业板","20210929"
"2518","301076.SZ","301076","新瀚新材","江苏","化工原料","创业板","20211011"
"2519","301077.SZ","301077","星华反光","浙江","化工原料","创业板","20210930"
"2520","301078.SZ","301078","孩子王","江苏","其他商业","创业板","20211014"
"2521","301079.SZ","301079","邵阳液压","湖南","机械基件","创业板","20211019"
"2522","301080.SZ","301080","百普赛斯","北京","医疗保健","创业板","20211018"
"2523","301081.SZ","301081","严牌股份","浙江","环境保护","创业板","20211020"
"2524","301082.SZ","301082","久盛电气","浙江","电气设备","创业板","20211027"
"2525","301083.SZ","301083","百胜智能","江西","专用机械","创业板","20211021"
"2526","301085.SZ","301085","亚康股份","北京","软件服务","创业板","20211018"
"2527","301086.SZ","301086","鸿富瀚","深圳","元器件","创业板","20211020"
"2528","301087.SZ","301087","可孚医疗","湖南","医疗保健","创业板","20211025"
"2529","301088.SZ","301088","戎美股份","江苏","服饰","创业板","20211028"
"2530","301089.SZ","301089","拓新药业","河南","化学制药","创业板","20211027"
"2531","301090.SZ","301090","华润材料","江苏","化工原料","创业板","20211026"
"2532","301091.SZ","301091","深城交","深圳","建筑工程","创业板","20211029"
"2533","301092.SZ","301092","争光股份","浙江","化工原料","创业板","20211102"
"2534","301093.SZ","301093","华兰股份","江苏","医疗保健","创业板","20211101"
"2535","301096.SZ","301096","百诚医药","浙江","医疗保健","创业板","20211220"
"2536","301098.SZ","301098","金埔园林","江苏","建筑工程","创业板","20211112"
"2537","301099.SZ","301099","雅创电子","上海","批发业","创业板","20211122"
"2538","301100.SZ","301100","风光股份","辽宁","化工原料","创业板","20211217"
"2539","301101.SZ","301101","明月镜片","江苏","元器件","创业板","20211216"
"2540","301108.SZ","301108","洁雅股份","安徽","日用化工","创业板","20211203"
"2541","301111.SZ","301111","粤万年青","广东","中成药","创业板","20211207"
"2542","301113.SZ","301113","雅艺科技","浙江","家居用品","创业板","20211222"
"2543","301117.SZ","301117","佳缘科技","四川","软件服务","创业板","20220117"
"2544","301118.SZ","301118","恒光股份","湖南","化工原料","创业板","20211118"
"2545","301119.SZ","301119","正强股份","浙江","汽车配件","创业板","20211122"
"2546","301126.SZ","301126","达嘉维康","湖南","医药商业","创业板","20211207"
"2547","301127.SZ","301127","天源环保","湖北","环境保护","创业板","20211230"
"2548","301128.SZ","301128","强瑞技术","深圳","专用机械","创业板","20211110"
"2549","301129.SZ","301129","瑞纳智能","安徽","电器仪表","创业板","20211102"
"2550","301133.SZ","301133","金钟股份","广东","汽车配件","创业板","20211126"
"2551","301136.SZ","301136","C招标","福建","建筑工程","创业板","20220111"
"2552","301138.SZ","301138","华研精机","广东","专用机械","创业板","20211215"
"2553","301149.SZ","301149","隆华新材","山东","化工原料","创业板","20211110"
"2554","301155.SZ","301155","海力风电","江苏","电气设备","创业板","20211124"
"2555","301158.SZ","301158","德石股份","山东","专用机械","创业板","20220117"
"2556","301159.SZ","301159","三维天地","北京","软件服务","创业板","20220107"
"2557","301166.SZ","301166","优宁维","上海","医药商业","创业板","20211228"
"2558","301167.SZ","301167","建研设计","安徽","建筑工程","创业板","20211206"
"2559","301168.SZ","301168","通灵股份","江苏","电气设备","创业板","20211210"
"2560","301169.SZ","301169","零点有数","北京","软件服务","创业板","20211103"
"2561","301177.SZ","301177","迪阿股份","深圳","服饰","创业板","20211215"
"2562","301178.SZ","301178","天亿马","广东","软件服务","创业板","20211112"
"2563","301179.SZ","301179","泽宇智能","江苏","软件服务","创业板","20211208"
"2564","301180.SZ","301180","万祥科技","江苏","元器件","创业板","20211116"
"2565","301182.SZ","301182","凯旺科技","河南","元器件","创业板","20211223"
"2566","301185.SZ","301185","鸥玛软件","山东","软件服务","创业板","20211119"
"2567","301186.SZ","301186","超达装备","江苏","专用机械","创业板","20211223"
"2568","301188.SZ","301188","力诺特玻","山东","玻璃","创业板","20211111"
"2569","301189.SZ","301189","奥尼电子","深圳","通信设备","创业板","20211228"
"2570","301190.SZ","301190","善水科技","江西","染料涂料","创业板","20211224"
"2571","301193.SZ","301193","家联科技","浙江","塑料","创业板","20211209"
"2572","301196.SZ","301196","C唯科","福建","专用机械","创业板","20220111"
"2573","301198.SZ","301198","喜悦智行","浙江","塑料","创业板","20211202"
"2574","301199.SZ","301199","迈赫股份","山东","专用机械","创业板","20211207"
"2575","301211.SZ","301211","亨迪药业","湖北","化学制药","创业板","20211222"
"2576","301213.SZ","301213","观想科技","四川","软件服务","创业板","20211206"
"2577","301221.SZ","301221","光庭信息","湖北","软件服务","创业板","20211222"
"2578","430047.BJ","430047","诺思兰德",NA,NA,"北交所","20201124"
"2579","430090.BJ","430090","同辉信息",NA,NA,"北交所","20210809"
"2580","430198.BJ","430198","微创光电",NA,NA,"北交所","20200727"
"2581","430418.BJ","430418","苏轴股份",NA,NA,"北交所","20200727"
"2582","430489.BJ","430489","佳先股份",NA,NA,"北交所","20200727"
"2583","430510.BJ","430510","丰光精密",NA,NA,"北交所","20201228"
"2584","600000.SH","600000","浦发银行","上海","银行","主板","19991110"
"2585","600004.SH","600004","白云机场","广东","机场","主板","20030428"
"2586","600006.SH","600006","东风汽车","湖北","汽车整车","主板","19990727"
"2587","600007.SH","600007","中国国贸","北京","园区开发","主板","19990312"
"2588","600008.SH","600008","首创环保","北京","环境保护","主板","20000427"
"2589","600009.SH","600009","上海机场","上海","机场","主板","19980218"
"2590","600010.SH","600010","包钢股份","内蒙","普钢","主板","20010309"
"2591","600011.SH","600011","华能国际","北京","火力发电","主板","20011206"
"2592","600012.SH","600012","皖通高速","安徽","路桥","主板","20030107"
"2593","600015.SH","600015","华夏银行","北京","银行","主板","20030912"
"2594","600016.SH","600016","民生银行","北京","银行","主板","20001219"
"2595","600017.SH","600017","日照港","山东","港口","主板","20061017"
"2596","600018.SH","600018","上港集团","上海","港口","主板","20061026"
"2597","600019.SH","600019","宝钢股份","上海","普钢","主板","20001212"
"2598","600020.SH","600020","中原高速","河南","路桥","主板","20030808"
"2599","600021.SH","600021","上海电力","上海","火力发电","主板","20031029"
"2600","600022.SH","600022","山东钢铁","山东","普钢","主板","20040629"
"2601","600023.SH","600023","浙能电力","浙江","火力发电","主板","20131219"
"2602","600025.SH","600025","华能水电","云南","水力发电","主板","20171215"
"2603","600026.SH","600026","中远海能","上海","水运","主板","20020523"
"2604","600027.SH","600027","华电国际","山东","火力发电","主板","20050203"
"2605","600028.SH","600028","中国石化","北京","石油加工","主板","20010808"
"2606","600029.SH","600029","南方航空","广东","空运","主板","20030725"
"2607","600030.SH","600030","中信证券","深圳","证券","主板","20030106"
"2608","600031.SH","600031","三一重工","北京","工程机械","主板","20030703"
"2609","600032.SH","600032","浙江新能","浙江","新型电力","主板","20210525"
"2610","600033.SH","600033","福建高速","福建","路桥","主板","20010209"
"2611","600035.SH","600035","楚天高速","湖北","路桥","主板","20040310"
"2612","600036.SH","600036","招商银行","深圳","银行","主板","20020409"
"2613","600037.SH","600037","歌华有线","北京","影视音像","主板","20010208"
"2614","600038.SH","600038","中直股份","黑龙江","航空","主板","20001218"
"2615","600039.SH","600039","四川路桥","四川","建筑工程","主板","20030325"
"2616","600048.SH","600048","保利发展","广东","全国地产","主板","20060731"
"2617","600050.SH","600050","中国联通","北京","电信运营","主板","20021009"
"2618","600051.SH","600051","宁波联合","浙江","综合类","主板","19970410"
"2619","600052.SH","600052","浙江广厦","浙江","影视音像","主板","19970415"
"2620","600053.SH","600053","九鼎投资","江西","多元金融","主板","19970418"
"2621","600054.SH","600054","黄山旅游","安徽","旅游景点","主板","19970506"
"2622","600055.SH","600055","万东医疗","北京","医疗保健","主板","19970519"
"2623","600056.SH","600056","中国医药","北京","医药商业","主板","19970515"
"2624","600057.SH","600057","厦门象屿","福建","仓储物流","主板","19970604"
"2625","600058.SH","600058","五矿发展","北京","商贸代理","主板","19970528"
"2626","600059.SH","600059","古越龙山","浙江","红黄酒","主板","19970516"
"2627","600060.SH","600060","海信视像","山东","家用电器","主板","19970422"
"2628","600061.SH","600061","国投资本","上海","证券","主板","19970519"
"2629","600062.SH","600062","华润双鹤","北京","化学制药","主板","19970522"
"2630","600063.SH","600063","皖维高新","安徽","化纤","主板","19970528"
"2631","600064.SH","600064","南京高科","江苏","园区开发","主板","19970506"
"2632","600066.SH","600066","宇通客车","河南","汽车整车","主板","19970508"
"2633","600067.SH","600067","冠城大通","福建","全国地产","主板","19970508"
"2634","600070.SH","600070","浙江富润","浙江","互联网","主板","19970604"
"2635","600071.SH","600071","凤凰光学","江西","元器件","主板","19970528"
"2636","600072.SH","600072","中船科技","上海","船舶","主板","19970603"
"2637","600073.SH","600073","上海梅林","上海","食品","主板","19970704"
"2638","600075.SH","600075","新疆天业","新疆","化工原料","主板","19970617"
"2639","600076.SH","600076","康欣新材","山东","其他建材","主板","19970526"
"2640","600077.SH","600077","宋都股份","浙江","全国地产","主板","19970520"
"2641","600078.SH","600078","*ST澄星","江苏","化工原料","主板","19970627"
"2642","600079.SH","600079","人福医药","湖北","化学制药","主板","19970606"
"2643","600080.SH","600080","金花股份","陕西","中成药","主板","19970612"
"2644","600081.SH","600081","东风科技","上海","汽车配件","主板","19970703"
"2645","600082.SH","600082","海泰发展","天津","园区开发","主板","19970620"
"2646","600083.SH","600083","*ST博信","江苏","综合类","主板","19970606"
"2647","600084.SH","600084","*ST中葡","新疆","红黄酒","主板","19970711"
"2648","600085.SH","600085","同仁堂","北京","中成药","主板","19970625"
"2649","600088.SH","600088","中视传媒","上海","影视音像","主板","19970616"
"2650","600089.SH","600089","特变电工","新疆","电气设备","主板","19970618"
"2651","600090.SH","600090","*ST济堂","新疆","医药商业","主板","19970616"
"2652","600091.SH","600091","*ST明科","内蒙","化工原料","主板","19970704"
"2653","600093.SH","600093","*ST易见","云南","多元金融","主板","19970626"
"2654","600094.SH","600094","大名城","上海","区域地产","主板","19970703"
"2655","600095.SH","600095","湘财股份","黑龙江","证券","主板","19970708"
"2656","600096.SH","600096","云天化","云南","农药化肥","主板","19970709"
"2657","600097.SH","600097","开创国际","上海","渔业","主板","19970619"
"2658","600098.SH","600098","广州发展","广东","火力发电","主板","19970718"
"2659","600099.SH","600099","林海股份","江苏","汽车整车","主板","19970704"
"2660","600100.SH","600100","同方股份","北京","IT设备","主板","19970627"
"2661","600101.SH","600101","明星电力","四川","水力发电","主板","19970627"
"2662","600103.SH","600103","青山纸业","福建","造纸","主板","19970703"
"2663","600104.SH","600104","上汽集团","上海","汽车整车","主板","19971125"
"2664","600105.SH","600105","永鼎股份","江苏","通信设备","主板","19970929"
"2665","600106.SH","600106","重庆路桥","重庆","路桥","主板","19970618"
"2666","600107.SH","600107","美尔雅","湖北","服饰","主板","19971106"
"2667","600108.SH","600108","亚盛集团","甘肃","农业综合","主板","19970818"
"2668","600109.SH","600109","国金证券","四川","证券","主板","19970807"
"2669","600110.SH","600110","诺德股份","吉林","电气设备","主板","19971007"
"2670","600111.SH","600111","北方稀土","内蒙","小金属","主板","19970924"
"2671","600112.SH","600112","*ST天成","贵州","电气设备","主板","19971127"
"2672","600113.SH","600113","浙江东日","浙江","区域地产","主板","19971021"
"2673","600114.SH","600114","东睦股份","浙江","机械基件","主板","20040511"
"2674","600115.SH","600115","中国东航","上海","空运","主板","19971105"
"2675","600116.SH","600116","三峡水利","重庆","水力发电","主板","19970804"
"2676","600117.SH","600117","西宁特钢","青海","特种钢","主板","19971015"
"2677","600118.SH","600118","中国卫星","北京","航空","主板","19970908"
"2678","600119.SH","600119","长江投资","上海","仓储物流","主板","19980115"
"2679","600120.SH","600120","浙江东方","浙江","多元金融","主板","19971201"
"2680","600121.SH","600121","郑州煤电","河南","煤炭开采","主板","19980107"
"2681","600122.SH","600122","ST宏图","江苏","其他商业","主板","19980420"
"2682","600123.SH","600123","兰花科创","山西","煤炭开采","主板","19981217"
"2683","600125.SH","600125","铁龙物流","辽宁","铁路","主板","19980511"
"2684","600126.SH","600126","杭钢股份","浙江","普钢","主板","19980311"
"2685","600127.SH","600127","金健米业","湖南","农业综合","主板","19980506"
"2686","600128.SH","600128","弘业股份","江苏","商贸代理","主板","19970901"
"2687","600129.SH","600129","太极集团","重庆","中成药","主板","19971118"
"2688","600130.SH","600130","波导股份","浙江","通信设备","主板","20000706"
"2689","600131.SH","600131","国网信通","四川","通信设备","主板","19980402"
"2690","600132.SH","600132","重庆啤酒","重庆","啤酒","主板","19971030"
"2691","600133.SH","600133","东湖高新","湖北","园区开发","主板","19980212"
"2692","600135.SH","600135","乐凯胶片","河北","化工原料","主板","19980122"
"2693","600136.SH","600136","当代文体","湖北","影视音像","主板","19980303"
"2694","600137.SH","600137","浪莎股份","四川","服饰","主板","19980416"
"2695","600138.SH","600138","中青旅","北京","旅游服务","主板","19971203"
"2696","600139.SH","600139","ST西源","四川","综合类","主板","19980225"
"2697","600141.SH","600141","兴发集团","湖北","化工原料","主板","19990616"
"2698","600143.SH","600143","金发科技","广东","塑料","主板","20040623"
"2699","600145.SH","600145","*ST新亿","新疆","房产服务","主板","19990923"
"2700","600146.SH","600146","*ST环球","宁夏","服饰","主板","19990707"
"2701","600148.SH","600148","长春一东","吉林","汽车配件","主板","19980520"
"2702","600149.SH","600149","廊坊发展","河北","综合类","主板","19991014"
"2703","600150.SH","600150","中国船舶","上海","船舶","主板","19980520"
"2704","600151.SH","600151","航天机电","上海","汽车配件","主板","19980605"
"2705","600152.SH","600152","维科技术","浙江","电气设备","主板","19980609"
"2706","600153.SH","600153","建发股份","福建","商贸代理","主板","19980616"
"2707","600155.SH","600155","华创阳安","北京","证券","主板","19980918"
"2708","600156.SH","600156","华升股份","湖南","纺织","主板","19980527"
"2709","600157.SH","600157","永泰能源","山西","火力发电","主板","19980513"
"2710","600158.SH","600158","中体产业","天津","文教休闲","主板","19980327"
"2711","600159.SH","600159","大龙地产","北京","区域地产","主板","19980526"
"2712","600160.SH","600160","巨化股份","浙江","化工原料","主板","19980626"
"2713","600161.SH","600161","天坛生物","北京","生物制药","主板","19980616"
"2714","600162.SH","600162","香江控股","深圳","全国地产","主板","19980609"
"2715","600163.SH","600163","中闽能源","福建","新型电力","主板","19980602"
"2716","600165.SH","600165","新日恒力","宁夏","化工原料","主板","19980529"
"2717","600166.SH","600166","福田汽车","北京","汽车整车","主板","19980602"
"2718","600167.SH","600167","联美控股","辽宁","供气供热","主板","19990128"
"2719","600168.SH","600168","武汉控股","湖北","水务","主板","19980427"
"2720","600169.SH","600169","太原重工","山西","工程机械","主板","19980904"
"2721","600170.SH","600170","上海建工","上海","建筑工程","主板","19980623"
"2722","600171.SH","600171","上海贝岭","上海","半导体","主板","19980924"
"2723","600172.SH","600172","黄河旋风","河南","矿物制品","主板","19981126"
"2724","600173.SH","600173","卧龙地产","浙江","全国地产","主板","19990415"
"2725","600176.SH","600176","中国巨石","浙江","玻璃","主板","19990422"
"2726","600177.SH","600177","雅戈尔","浙江","服饰","主板","19981119"
"2727","600178.SH","600178","东安动力","黑龙江","汽车配件","主板","19981014"
"2728","600179.SH","600179","安通控股","黑龙江","仓储物流","主板","19981104"
"2729","600180.SH","600180","瑞茂通","山东","仓储物流","主板","19980703"
"2730","600182.SH","600182","SST佳通","黑龙江","汽车配件","主板","19990507"
"2731","600183.SH","600183","生益科技","广东","元器件","主板","19981028"
"2732","600184.SH","600184","光电股份","湖北","专用机械","主板","20031106"
"2733","600185.SH","600185","格力地产","广东","区域地产","主板","19990611"
"2734","600186.SH","600186","莲花健康","河南","食品","主板","19980825"
"2735","600187.SH","600187","国中水务","黑龙江","水务","主板","19981111"
"2736","600188.SH","600188","兖矿能源","山东","煤炭开采","主板","19980701"
"2737","600189.SH","600189","泉阳泉","吉林","软饮料","主板","19981007"
"2738","600190.SH","600190","锦州港","辽宁","港口","主板","19990609"
"2739","600191.SH","600191","*ST华资","内蒙","食品","主板","19981210"
"2740","600192.SH","600192","长城电工","甘肃","电气设备","主板","19981224"
"2741","600193.SH","600193","创兴资源","上海","装修装饰","主板","19990527"
"2742","600195.SH","600195","中牧股份","北京","农业综合","主板","19990107"
"2743","600196.SH","600196","复星医药","上海","化学制药","主板","19980807"
"2744","600197.SH","600197","伊力特","新疆","白酒","主板","19990916"
"2745","600198.SH","600198","*ST大唐","北京","通信设备","主板","19981021"
"2746","600199.SH","600199","金种子酒","安徽","白酒","主板","19980812"
"2747","600200.SH","600200","江苏吴中","江苏","化学制药","主板","19990401"
"2748","600201.SH","600201","生物股份","内蒙","农业综合","主板","19990115"
"2749","600202.SH","600202","哈空调","黑龙江","电气设备","主板","19990603"
"2750","600203.SH","600203","福日电子","福建","元器件","主板","19990514"
"2751","600206.SH","600206","有研新材","北京","半导体","主板","19990319"
"2752","600207.SH","600207","安彩高科","河南","供气供热","主板","19990714"
"2753","600208.SH","600208","新湖中宝","浙江","全国地产","主板","19990623"
"2754","600209.SH","600209","*ST罗顿","海南","装修装饰","主板","19990325"
"2755","600210.SH","600210","紫江企业","上海","广告包装","主板","19990824"
"2756","600211.SH","600211","西藏药业","西藏","中成药","主板","19990721"
"2757","600212.SH","600212","江泉实业","山东","综合类","主板","19990817"
"2758","600213.SH","600213","亚星客车","江苏","汽车整车","主板","19990831"
"2759","600215.SH","600215","派斯林","吉林","园区开发","主板","19990909"
"2760","600216.SH","600216","浙江医药","浙江","化学制药","主板","19991021"
"2761","600217.SH","600217","中再资环","陕西","环境保护","主板","19991216"
"2762","600218.SH","600218","全柴动力","安徽","农用机械","主板","19981203"
"2763","600219.SH","600219","南山铝业","山东","铝","主板","19991223"
"2764","600220.SH","600220","江苏阳光","江苏","纺织","主板","19990927"
"2765","600221.SH","600221","*ST海航","海南","空运","主板","19991125"
"2766","600222.SH","600222","太龙药业","河南","中成药","主板","19991105"
"2767","600223.SH","600223","鲁商发展","山东","区域地产","主板","20000113"
"2768","600225.SH","600225","*ST松江","天津","区域地产","主板","20000127"
"2769","600226.SH","600226","ST瀚叶","浙江","互联网","主板","19991116"
"2770","600227.SH","600227","圣济堂","贵州","化学制药","主板","20000221"
"2771","600228.SH","600228","返利科技","江西","互联网","主板","19990119"
"2772","600229.SH","600229","城市传媒","山东","出版业","主板","20000309"
"2773","600230.SH","600230","沧州大化","河北","农药化肥","主板","20000406"
"2774","600231.SH","600231","凌钢股份","辽宁","普钢","主板","20000511"
"2775","600232.SH","600232","金鹰股份","浙江","纺织","主板","20000602"
"2776","600233.SH","600233","圆通速递","辽宁","仓储物流","主板","20000608"
"2777","600234.SH","600234","科新发展","山西","综合类","主板","20000615"
"2778","600235.SH","600235","民丰特纸","浙江","造纸","主板","20000615"
"2779","600236.SH","600236","桂冠电力","广西","水力发电","主板","20000323"
"2780","600237.SH","600237","铜峰电子","安徽","元器件","主板","20000609"
"2781","600238.SH","600238","海南椰岛","海南","红黄酒","主板","20000120"
"2782","600239.SH","600239","*ST云城","云南","区域地产","主板","19991202"
"2783","600241.SH","600241","ST时万","辽宁","电气设备","主板","20001128"
"2784","600242.SH","600242","ST中昌","广东","软件服务","主板","20001207"
"2785","600243.SH","600243","青海华鼎","青海","机床制造","主板","20001120"
"2786","600246.SH","600246","万通发展","北京","区域地产","主板","20000922"
"2787","600248.SH","600248","陕西建工","陕西","建筑工程","主板","20000622"
"2788","600249.SH","600249","两面针","广西","日用化工","主板","20040130"
"2789","600250.SH","600250","南纺股份","江苏","商贸代理","主板","20010306"
"2790","600251.SH","600251","冠农股份","新疆","农业综合","主板","20030609"
"2791","600252.SH","600252","中恒集团","广西","中成药","主板","20001130"
"2792","600255.SH","600255","鑫科材料","安徽","铜","主板","20001122"
"2793","600256.SH","600256","广汇能源","新疆","石油开采","主板","20000526"
"2794","600257.SH","600257","大湖股份","湖南","渔业","主板","20000612"
"2795","600258.SH","600258","首旅酒店","北京","酒店餐饮","主板","20000601"
"2796","600259.SH","600259","广晟有色","海南","小金属","主板","20000525"
"2797","600260.SH","600260","ST凯乐","湖北","通信设备","主板","20000706"
"2798","600261.SH","600261","阳光照明","浙江","家用电器","主板","20000720"
"2799","600262.SH","600262","北方股份","内蒙","汽车整车","主板","20000630"
"2800","600265.SH","600265","*ST景谷","云南","林业","主板","20000825"
"2801","600266.SH","600266","城建发展","北京","区域地产","主板","19990203"
"2802","600267.SH","600267","海正药业","浙江","化学制药","主板","20000725"
"2803","600268.SH","600268","国电南自","江苏","电气设备","主板","19991118"
"2804","600269.SH","600269","赣粤高速","江西","路桥","主板","20000518"
"2805","600271.SH","600271","航天信息","北京","IT设备","主板","20030711"
"2806","600272.SH","600272","开开实业","上海","医药商业","主板","20010228"
"2807","600273.SH","600273","嘉化能源","浙江","化工原料","主板","20030627"
"2808","600275.SH","600275","*ST昌鱼","湖北","农业综合","主板","20000810"
"2809","600276.SH","600276","恒瑞医药","江苏","化学制药","主板","20001018"
"2810","600277.SH","600277","亿利洁能","内蒙","化工原料","主板","20000725"
"2811","600278.SH","600278","东方创业","上海","商贸代理","主板","20000712"
"2812","600279.SH","600279","重庆港","重庆","港口","主板","20000731"
"2813","600280.SH","600280","中央商场","江苏","百货","主板","20000926"
"2814","600281.SH","600281","华阳新材","山西","综合类","主板","20001109"
"2815","600282.SH","600282","南钢股份","江苏","普钢","主板","20000919"
"2816","600283.SH","600283","钱江水利","浙江","水务","主板","20001018"
"2817","600284.SH","600284","浦东建设","上海","建筑工程","主板","20040316"
"2818","600285.SH","600285","羚锐制药","河南","中成药","主板","20001018"
"2819","600287.SH","600287","江苏舜天","江苏","商贸代理","主板","20000901"
"2820","600288.SH","600288","大恒科技","北京","软件服务","主板","20001129"
"2821","600289.SH","600289","ST信通","黑龙江","软件服务","主板","20000720"
"2822","600290.SH","600290","ST华仪","浙江","电气设备","主板","20001106"
"2823","600291.SH","600291","*ST西水","内蒙","保险","主板","20000731"
"2824","600292.SH","600292","远达环保","重庆","环境保护","主板","20001101"
"2825","600293.SH","600293","三峡新材","湖北","玻璃","主板","20000919"
"2826","600295.SH","600295","鄂尔多斯","内蒙","特种钢","主板","20010426"
"2827","600297.SH","600297","广汇汽车","辽宁","汽车服务","主板","20001116"
"2828","600298.SH","600298","安琪酵母","湖北","食品","主板","20000818"
"2829","600299.SH","600299","安迪苏","北京","化学制药","主板","20000420"
"2830","600300.SH","600300","ST维维","江苏","软饮料","主板","20000630"
"2831","600301.SH","600301","*ST南化","广西","商贸代理","主板","20000712"
"2832","600302.SH","600302","标准股份","陕西","纺织机械","主板","20001213"
"2833","600303.SH","600303","曙光股份","辽宁","汽车整车","主板","20001226"
"2834","600305.SH","600305","恒顺醋业","江苏","食品","主板","20010206"
"2835","600306.SH","600306","*ST商城","辽宁","百货","主板","20001226"
"2836","600307.SH","600307","酒钢宏兴","甘肃","普钢","主板","20001220"
"2837","600308.SH","600308","华泰股份","山东","造纸","主板","20000928"
"2838","600309.SH","600309","万华化学","山东","化工原料","主板","20010105"
"2839","600310.SH","600310","桂东电力","广西","水力发电","主板","20010228"
"2840","600311.SH","600311","ST荣华","甘肃","黄金","主板","20010626"
"2841","600312.SH","600312","平高电气","河南","电气设备","主板","20010221"
"2842","600313.SH","600313","农发种业","北京","种植业","主板","20010119"
"2843","600315.SH","600315","上海家化","上海","日用化工","主板","20010315"
"2844","600316.SH","600316","洪都航空","江西","航空","主板","20001215"
"2845","600318.SH","600318","新力金融","安徽","多元金融","主板","20001208"
"2846","600319.SH","600319","*ST亚星","山东","化工原料","主板","20010326"
"2847","600320.SH","600320","振华重工","上海","工程机械","主板","20001221"
"2848","600321.SH","600321","正源股份","四川","其他建材","主板","20010524"
"2849","600322.SH","600322","天房发展","天津","区域地产","主板","20010910"
"2850","600323.SH","600323","瀚蓝环境","广东","环境保护","主板","20001225"
"2851","600325.SH","600325","华发股份","广东","区域地产","主板","20040225"
"2852","600326.SH","600326","西藏天路","西藏","水泥","主板","20010116"
"2853","600327.SH","600327","大东方","江苏","汽车服务","主板","20020625"
"2854","600328.SH","600328","中盐化工","内蒙","化工原料","主板","20001222"
"2855","600329.SH","600329","中新药业","天津","中成药","主板","20010606"
"2856","600330.SH","600330","天通股份","浙江","元器件","主板","20010118"
"2857","600331.SH","600331","宏达股份","四川","铅锌","主板","20011220"
"2858","600332.SH","600332","白云山","广东","中成药","主板","20010206"
"2859","600333.SH","600333","长春燃气","吉林","供气供热","主板","20001211"
"2860","600335.SH","600335","国机汽车","天津","汽车配件","主板","20010305"
"2861","600336.SH","600336","澳柯玛","山东","家用电器","主板","20001229"
"2862","600337.SH","600337","美克家居","新疆","家居用品","主板","20001127"
"2863","600338.SH","600338","西藏珠峰","西藏","铅锌","主板","20001227"
"2864","600339.SH","600339","中油工程","新疆","石油加工","主板","20001225"
"2865","600340.SH","600340","华夏幸福","河北","区域地产","主板","20031230"
"2866","600343.SH","600343","航天动力","陕西","航空","主板","20030408"
"2867","600345.SH","600345","长江通信","湖北","通信设备","主板","20001222"
"2868","600346.SH","600346","恒力石化","辽宁","化纤","主板","20010820"
"2869","600348.SH","600348","华阳股份","山西","煤炭开采","主板","20030821"
"2870","600350.SH","600350","山东高速","山东","路桥","主板","20020318"
"2871","600351.SH","600351","亚宝药业","山西","中成药","主板","20020926"
"2872","600352.SH","600352","浙江龙盛","浙江","染料涂料","主板","20030801"
"2873","600353.SH","600353","旭光电子","四川","元器件","主板","20021120"
"2874","600354.SH","600354","敦煌种业","甘肃","种植业","主板","20040115"
"2875","600355.SH","600355","精伦电子","湖北","元器件","主板","20020613"
"2876","600356.SH","600356","恒丰纸业","黑龙江","造纸","主板","20010419"
"2877","600358.SH","600358","国旅联合","江苏","旅游服务","主板","20000922"
"2878","600359.SH","600359","新农开发","新疆","农业综合","主板","19990429"
"2879","600360.SH","600360","华微电子","吉林","半导体","主板","20010316"
"2880","600361.SH","600361","华联综超","北京","超市连锁","主板","20011129"
"2881","600362.SH","600362","江西铜业","江西","铜","主板","20020111"
"2882","600363.SH","600363","联创光电","江西","元器件","主板","20010329"
"2883","600365.SH","600365","ST通葡","吉林","红黄酒","主板","20010115"
"2884","600366.SH","600366","宁波韵升","浙江","矿物制品","主板","20001030"
"2885","600367.SH","600367","红星发展","贵州","化工原料","主板","20010320"
"2886","600368.SH","600368","五洲交通","广西","路桥","主板","20001221"
"2887","600369.SH","600369","西南证券","重庆","证券","主板","20010109"
"2888","600370.SH","600370","三房巷","江苏","化工原料","主板","20030306"
"2889","600371.SH","600371","万向德农","黑龙江","种植业","主板","20020916"
"2890","600372.SH","600372","中航电子","北京","航空","主板","20010706"
"2891","600373.SH","600373","中文传媒","江西","出版业","主板","20020304"
"2892","600375.SH","600375","汉马科技","安徽","汽车整车","主板","20030401"
"2893","600376.SH","600376","首开股份","北京","区域地产","主板","20010312"
"2894","600377.SH","600377","宁沪高速","江苏","路桥","主板","20010116"
"2895","600378.SH","600378","昊华科技","四川","化工原料","主板","20010111"
"2896","600379.SH","600379","宝光股份","陕西","电气设备","主板","20020116"
"2897","600380.SH","600380","健康元","深圳","化学制药","主板","20010608"
"2898","600381.SH","600381","青海春天","青海","医疗保健","主板","20010508"
"2899","600382.SH","600382","*ST广珠","广东","商贸代理","主板","20010118"
"2900","600383.SH","600383","金地集团","深圳","全国地产","主板","20010412"
"2901","600385.SH","600385","*ST金泰","山东","化学制药","主板","20010723"
"2902","600386.SH","600386","北巴传媒","北京","汽车服务","主板","20010216"
"2903","600387.SH","600387","ST海越","浙江","石油贸易","主板","20040218"
"2904","600388.SH","600388","龙净环保","福建","环境保护","主板","20001229"
"2905","600389.SH","600389","江山股份","江苏","农药化肥","主板","20010110"
"2906","600390.SH","600390","五矿资本","湖南","多元金融","主板","20010115"
"2907","600391.SH","600391","航发科技","四川","航空","主板","20011212"
"2908","600392.SH","600392","盛和资源","四川","小金属","主板","20030529"
"2909","600393.SH","600393","ST粤泰","广东","全国地产","主板","20010319"
"2910","600395.SH","600395","盘江股份","贵州","煤炭开采","主板","20010531"
"2911","600396.SH","600396","金山股份","辽宁","火力发电","主板","20010328"
"2912","600397.SH","600397","安源煤业","江西","煤炭开采","主板","20020702"
"2913","600398.SH","600398","海澜之家","江苏","服饰","主板","20001228"
"2914","600399.SH","600399","抚顺特钢","辽宁","特种钢","主板","20001229"
"2915","600400.SH","600400","红豆股份","江苏","服饰","主板","20010108"
"2916","600403.SH","600403","ST大有","河南","煤炭开采","主板","20031009"
"2917","600405.SH","600405","动力源","北京","电气设备","主板","20040401"
"2918","600406.SH","600406","国电南瑞","江苏","电气设备","主板","20031016"
"2919","600408.SH","600408","ST安泰","山西","焦炭加工","主板","20030212"
"2920","600409.SH","600409","三友化工","河北","化工原料","主板","20030618"
"2921","600410.SH","600410","华胜天成","北京","软件服务","主板","20040427"
"2922","600415.SH","600415","小商品城","浙江","商品城","主板","20020509"
"2923","600416.SH","600416","湘电股份","湖南","电气设备","主板","20020718"
"2924","600418.SH","600418","江淮汽车","安徽","汽车整车","主板","20010824"
"2925","600419.SH","600419","天润乳业","新疆","乳制品","主板","20010628"
"2926","600420.SH","600420","国药现代","上海","化学制药","主板","20040616"
"2927","600421.SH","600421","华嵘控股","湖北","综合类","主板","20040607"
"2928","600422.SH","600422","昆药集团","云南","中成药","主板","20001206"
"2929","600423.SH","600423","柳化股份","广西","农药化肥","主板","20030717"
"2930","600425.SH","600425","青松建化","新疆","水泥","主板","20030724"
"2931","600426.SH","600426","华鲁恒升","山东","农药化肥","主板","20020620"
"2932","600428.SH","600428","中远海特","广东","水运","主板","20020418"
"2933","600429.SH","600429","三元股份","北京","乳制品","主板","20030915"
"2934","600433.SH","600433","冠豪高新","广东","造纸","主板","20030619"
"2935","600435.SH","600435","北方导航","北京","专用机械","主板","20030704"
"2936","600436.SH","600436","片仔癀","福建","中成药","主板","20030616"
"2937","600438.SH","600438","通威股份","四川","电气设备","主板","20040302"
"2938","600439.SH","600439","瑞贝卡","河南","服饰","主板","20030710"
"2939","600444.SH","600444","国机通用","安徽","专用机械","主板","20040219"
"2940","600446.SH","600446","金证股份","深圳","软件服务","主板","20031224"
"2941","600448.SH","600448","华纺股份","山东","纺织","主板","20010903"
"2942","600449.SH","600449","宁夏建材","宁夏","水泥","主板","20030829"
"2943","600452.SH","600452","涪陵电力","重庆","水力发电","主板","20040303"
"2944","600455.SH","600455","博通股份","陕西","文教休闲","主板","20040329"
"2945","600456.SH","600456","宝钛股份","陕西","小金属","主板","20020412"
"2946","600458.SH","600458","时代新材","湖南","塑料","主板","20021219"
"2947","600459.SH","600459","贵研铂业","云南","小金属","主板","20030516"
"2948","600460.SH","600460","士兰微","浙江","半导体","主板","20030311"
"2949","600461.SH","600461","洪城环境","江西","水务","主板","20040601"
"2950","600462.SH","600462","ST九有","湖北","广告包装","主板","20030903"
"2951","600463.SH","600463","空港股份","北京","园区开发","主板","20040318"
"2952","600466.SH","600466","蓝光发展","四川","区域地产","主板","20010212"
"2953","600467.SH","600467","好当家","山东","渔业","主板","20040405"
"2954","600468.SH","600468","百利电气","天津","电气设备","主板","20010615"
"2955","600469.SH","600469","风神股份","河南","汽车配件","主板","20031021"
"2956","600470.SH","600470","六国化工","安徽","农药化肥","主板","20040305"
"2957","600475.SH","600475","华光环能","江苏","环境保护","主板","20030721"
"2958","600476.SH","600476","湘邮科技","湖南","软件服务","主板","20031210"
"2959","600477.SH","600477","杭萧钢构","浙江","钢加工","主板","20031110"
"2960","600478.SH","600478","科力远","湖南","元器件","主板","20030918"
"2961","600479.SH","600479","千金药业","湖南","中成药","主板","20040312"
"2962","600480.SH","600480","凌云股份","河北","汽车配件","主板","20030815"
"2963","600481.SH","600481","双良节能","江苏","机械基件","主板","20030422"
"2964","600482.SH","600482","中国动力","河北","船舶","主板","20040714"
"2965","600483.SH","600483","福能股份","福建","火力发电","主板","20040531"
"2966","600486.SH","600486","扬农化工","江苏","农药化肥","主板","20020425"
"2967","600487.SH","600487","亨通光电","江苏","通信设备","主板","20030822"
"2968","600488.SH","600488","天药股份","天津","化学制药","主板","20010618"
"2969","600489.SH","600489","中金黄金","北京","黄金","主板","20030814"
"2970","600490.SH","600490","鹏欣资源","上海","铜","主板","20030626"
"2971","600491.SH","600491","龙元建设","浙江","建筑工程","主板","20040524"
"2972","600493.SH","600493","凤竹纺织","福建","纺织","主板","20040421"
"2973","600495.SH","600495","晋西车轴","山西","运输设备","主板","20040526"
"2974","600496.SH","600496","精工钢构","安徽","钢加工","主板","20020605"
"2975","600497.SH","600497","驰宏锌锗","云南","铅锌","主板","20040420"
"2976","600498.SH","600498","烽火通信","湖北","通信设备","主板","20010823"
"2977","600499.SH","600499","科达制造","广东","专用机械","主板","20021010"
"2978","600500.SH","600500","中化国际","上海","塑料","主板","20000301"
"2979","600501.SH","600501","航天晨光","江苏","汽车配件","主板","20010615"
"2980","600502.SH","600502","安徽建工","安徽","建筑工程","主板","20030415"
"2981","600503.SH","600503","华丽家族","上海","区域地产","主板","20020709"
"2982","600505.SH","600505","西昌电力","四川","水力发电","主板","20020530"
"2983","600506.SH","600506","*ST香梨","新疆","种植业","主板","20011226"
"2984","600507.SH","600507","方大特钢","江西","特种钢","主板","20030930"
"2985","600508.SH","600508","上海能源","上海","煤炭开采","主板","20010829"
"2986","600509.SH","600509","天富能源","新疆","火力发电","主板","20020228"
"2987","600510.SH","600510","黑牡丹","江苏","全国地产","主板","20020618"
"2988","600511.SH","600511","国药股份","北京","医药商业","主板","20021127"
"2989","600512.SH","600512","腾达建设","浙江","建筑工程","主板","20021226"
"2990","600513.SH","600513","联环药业","江苏","化学制药","主板","20030319"
"2991","600515.SH","600515","*ST基础","海南","全国地产","主板","20020806"
"2992","600516.SH","600516","方大炭素","甘肃","矿物制品","主板","20020830"
"2993","600517.SH","600517","国网英大","上海","多元金融","主板","20031010"
"2994","600518.SH","600518","*ST康美","广东","中成药","主板","20010319"
"2995","600519.SH","600519","贵州茅台","贵州","白酒","主板","20010827"
"2996","600520.SH","600520","文一科技","安徽","机械基件","主板","20020108"
"2997","600521.SH","600521","华海药业","浙江","化学制药","主板","20030304"
"2998","600522.SH","600522","中天科技","江苏","通信设备","主板","20021024"
"2999","600523.SH","600523","贵航股份","贵州","汽车配件","主板","20011227"
"3000","600525.SH","600525","长园集团","深圳","电气设备","主板","20021202"
"3001","600526.SH","600526","菲达环保","浙江","环境保护","主板","20020722"
"3002","600527.SH","600527","江南高纤","江苏","化纤","主板","20031127"
"3003","600528.SH","600528","中铁工业","北京","运输设备","主板","20010528"
"3004","600529.SH","600529","山东药玻","山东","医疗保健","主板","20020603"
"3005","600530.SH","600530","交大昂立","上海","医疗保健","主板","20010702"
"3006","600531.SH","600531","豫光金铅","河南","铅锌","主板","20020730"
"3007","600532.SH","600532","未来股份","上海","医疗保健","主板","20021031"
"3008","600533.SH","600533","栖霞建设","江苏","区域地产","主板","20020328"
"3009","600535.SH","600535","天士力","天津","中成药","主板","20020823"
"3010","600536.SH","600536","中国软件","北京","软件服务","主板","20020517"
"3011","600537.SH","600537","亿晶光电","浙江","电气设备","主板","20030123"
"3012","600538.SH","600538","国发股份","广西","医药商业","主板","20030114"
"3013","600539.SH","600539","狮头股份","山西","互联网","主板","20010824"
"3014","600540.SH","600540","新赛股份","新疆","种植业","主板","20040107"
"3015","600543.SH","600543","莫高股份","甘肃","红黄酒","主板","20040324"
"3016","600545.SH","600545","卓郎智能","新疆","纺织机械","主板","20031203"
"3017","600546.SH","600546","山煤国际","山西","煤炭开采","主板","20030731"
"3018","600547.SH","600547","山东黄金","山东","黄金","主板","20030828"
"3019","600548.SH","600548","深高速","深圳","路桥","主板","20011225"
"3020","600549.SH","600549","厦门钨业","福建","小金属","主板","20021107"
"3021","600550.SH","600550","保变电气","河北","电气设备","主板","20010228"
"3022","600551.SH","600551","时代出版","安徽","出版业","主板","20020905"
"3023","600552.SH","600552","凯盛科技","安徽","玻璃","主板","20021108"
"3024","600555.SH","600555","*ST海创","海南","旅游服务","主板","20010328"
"3025","600556.SH","600556","天下秀","广西","互联网","主板","20010807"
"3026","600557.SH","600557","康缘药业","江苏","中成药","主板","20020918"
"3027","600558.SH","600558","大西洋","四川","钢加工","主板","20010227"
"3028","600559.SH","600559","老白干酒","河北","白酒","主板","20021029"
"3029","600560.SH","600560","金自天正","北京","电气设备","主板","20020919"
"3030","600561.SH","600561","江西长运","江西","公共交通","主板","20020716"
"3031","600562.SH","600562","国睿科技","江苏","通信设备","主板","20030128"
"3032","600563.SH","600563","法拉电子","福建","元器件","主板","20021210"
"3033","600565.SH","600565","迪马股份","重庆","全国地产","主板","20020723"
"3034","600566.SH","600566","济川药业","湖北","中成药","主板","20010822"
"3035","600567.SH","600567","山鹰国际","安徽","造纸","主板","20011218"
"3036","600568.SH","600568","ST中珠","湖北","区域地产","主板","20010518"
"3037","600569.SH","600569","安阳钢铁","河南","普钢","主板","20010820"
"3038","600570.SH","600570","恒生电子","浙江","软件服务","主板","20031216"
"3039","600571.SH","600571","信雅达","浙江","软件服务","主板","20021101"
"3040","600572.SH","600572","康恩贝","浙江","中成药","主板","20040412"
"3041","600573.SH","600573","惠泉啤酒","福建","啤酒","主板","20030226"
"3042","600575.SH","600575","淮河能源","安徽","铁路","主板","20030328"
"3043","600576.SH","600576","祥源文化","浙江","影视音像","主板","20030220"
"3044","600577.SH","600577","精达股份","安徽","电气设备","主板","20020911"
"3045","600578.SH","600578","京能电力","北京","火力发电","主板","20020510"
"3046","600579.SH","600579","克劳斯","山东","化工机械","主板","20020809"
"3047","600580.SH","600580","卧龙电驱","浙江","电气设备","主板","20020606"
"3048","600581.SH","600581","八一钢铁","新疆","普钢","主板","20020816"
"3049","600582.SH","600582","天地科技","北京","工程机械","主板","20020515"
"3050","600583.SH","600583","海油工程","天津","石油开采","主板","20020205"
"3051","600584.SH","600584","长电科技","江苏","半导体","主板","20030603"
"3052","600585.SH","600585","海螺水泥","安徽","水泥","主板","20020207"
"3053","600586.SH","600586","金晶科技","山东","玻璃","主板","20020815"
"3054","600587.SH","600587","新华医疗","山东","医疗保健","主板","20020927"
"3055","600588.SH","600588","用友网络","北京","软件服务","主板","20010518"
"3056","600589.SH","600589","ST榕泰","广东","塑料","主板","20010612"
"3057","600590.SH","600590","泰豪科技","江西","电气设备","主板","20020703"
"3058","600592.SH","600592","龙溪股份","福建","机械基件","主板","20020805"
"3059","600593.SH","600593","*ST圣亚","辽宁","旅游服务","主板","20020711"
"3060","600594.SH","600594","益佰制药","贵州","中成药","主板","20040323"
"3061","600595.SH","600595","ST中孚","河南","铝","主板","20020626"
"3062","600596.SH","600596","新安股份","浙江","化工原料","主板","20010906"
"3063","600597.SH","600597","光明乳业","上海","乳制品","主板","20020828"
"3064","600598.SH","600598","北大荒","黑龙江","种植业","主板","20020329"
"3065","600599.SH","600599","ST熊猫","湖南","多元金融","主板","20010828"
"3066","600600.SH","600600","青岛啤酒","山东","啤酒","主板","19930827"
"3067","600601.SH","600601","ST方科","上海","IT设备","主板","19901219"
"3068","600602.SH","600602","云赛智联","上海","软件服务","主板","19901219"
"3069","600603.SH","600603","广汇物流","四川","仓储物流","主板","19920113"
"3070","600604.SH","600604","市北高新","上海","园区开发","主板","19920327"
"3071","600605.SH","600605","汇通能源","上海","房产服务","主板","19920327"
"3072","600606.SH","600606","绿地控股","上海","建筑工程","主板","19920327"
"3073","600608.SH","600608","ST沪科","上海","商贸代理","主板","19920327"
"3074","600609.SH","600609","金杯汽车","辽宁","汽车配件","主板","19920724"
"3075","600610.SH","600610","中毅达","上海","化工原料","主板","19920805"
"3076","600611.SH","600611","大众交通","上海","公共交通","主板","19920807"
"3077","600612.SH","600612","老凤祥","上海","服饰","主板","19920814"
"3078","600613.SH","600613","神奇制药","上海","中成药","主板","19920820"
"3079","600615.SH","600615","*ST丰华","上海","小金属","主板","19920910"
"3080","600616.SH","600616","金枫酒业","上海","红黄酒","主板","19920929"
"3081","600617.SH","600617","国新能源","山西","供气供热","主板","19921013"
"3082","600618.SH","600618","氯碱化工","上海","化工原料","主板","19921113"
"3083","600619.SH","600619","海立股份","上海","家用电器","主板","19921116"
"3084","600620.SH","600620","天宸股份","上海","综合类","主板","19921117"
"3085","600621.SH","600621","华鑫股份","上海","证券","主板","19921202"
"3086","600622.SH","600622","光大嘉宝","上海","区域地产","主板","19921203"
"3087","600623.SH","600623","华谊集团","上海","化工原料","主板","19921204"
"3088","600624.SH","600624","复旦复华","上海","化学制药","主板","19930105"
"3089","600626.SH","600626","申达股份","上海","汽车配件","主板","19930107"
"3090","600628.SH","600628","新世界","上海","百货","主板","19930119"
"3091","600629.SH","600629","华建集团","上海","建筑工程","主板","19930209"
"3092","600630.SH","600630","龙头股份","上海","纺织","主板","19930209"
"3093","600633.SH","600633","浙数文化","浙江","互联网","主板","19930304"
"3094","600635.SH","600635","大众公用","上海","供气供热","主板","19930304"
"3095","600636.SH","600636","国新文化","上海","文教休闲","主板","19930316"
"3096","600637.SH","600637","东方明珠","上海","影视音像","主板","19930316"
"3097","600638.SH","600638","新黄浦","上海","区域地产","主板","19930326"
"3098","600639.SH","600639","浦东金桥","上海","园区开发","主板","19930326"
"3099","600640.SH","600640","新国脉","上海","影视音像","主板","19930407"
"3100","600641.SH","600641","万业企业","上海","区域地产","主板","19930407"
"3101","600642.SH","600642","申能股份","上海","火力发电","主板","19930416"
"3102","600643.SH","600643","爱建集团","上海","多元金融","主板","19930426"
"3103","600644.SH","600644","乐山电力","四川","水力发电","主板","19930426"
"3104","600645.SH","600645","中源协和","天津","医疗保健","主板","19930504"
"3105","600647.SH","600647","同达创业","上海","综合类","主板","19930504"
"3106","600648.SH","600648","外高桥","上海","园区开发","主板","19930504"
"3107","600649.SH","600649","城投控股","上海","区域地产","主板","19930518"
"3108","600650.SH","600650","锦江在线","上海","公共交通","主板","19930607"
"3109","600651.SH","600651","飞乐音响","上海","电器仪表","主板","19901219"
"3110","600652.SH","600652","*ST游久","上海","互联网","主板","19901219"
"3111","600653.SH","600653","申华控股","辽宁","汽车服务","主板","19901219"
"3112","600654.SH","600654","ST中安","上海","软件服务","主板","19901219"
"3113","600655.SH","600655","豫园股份","上海","百货","主板","19920902"
"3114","600657.SH","600657","信达地产","北京","全国地产","主板","19930524"
"3115","600658.SH","600658","电子城","北京","园区开发","主板","19930524"
"3116","600660.SH","600660","福耀玻璃","福建","汽车配件","主板","19930610"
"3117","600661.SH","600661","昂立教育","上海","文教休闲","主板","19930614"
"3118","600662.SH","600662","外服控股","上海","公共交通","主板","19930614"
"3119","600663.SH","600663","陆家嘴","上海","园区开发","主板","19930628"
"3120","600664.SH","600664","哈药股份","黑龙江","化学制药","主板","19930629"
"3121","600665.SH","600665","天地源","陕西","全国地产","主板","19930709"
"3122","600666.SH","600666","ST瑞德","黑龙江","元器件","主板","19930712"
"3123","600667.SH","600667","太极实业","江苏","半导体","主板","19930728"
"3124","600668.SH","600668","尖峰集团","浙江","水泥","主板","19930728"
"3125","600671.SH","600671","ST目药","浙江","中成药","主板","19930823"
"3126","600673.SH","600673","东阳光","广东","铝","主板","19930917"
"3127","600674.SH","600674","川投能源","四川","水力发电","主板","19930924"
"3128","600675.SH","600675","中华企业","上海","区域地产","主板","19930924"
"3129","600676.SH","600676","交运股份","上海","汽车配件","主板","19930928"
"3130","600678.SH","600678","四川金顶","四川","水泥","主板","19931008"
"3131","600679.SH","600679","上海凤凰","上海","文教休闲","主板","19931008"
"3132","600681.SH","600681","百川能源","湖北","供气供热","主板","19931018"
"3133","600682.SH","600682","南京新百","江苏","百货","主板","19931018"
"3134","600683.SH","600683","京投发展","浙江","区域地产","主板","19931025"
"3135","600684.SH","600684","珠江股份","广东","全国地产","主板","19931028"
"3136","600685.SH","600685","中船防务","广东","船舶","主板","19931028"
"3137","600686.SH","600686","金龙汽车","福建","汽车整车","主板","19931108"
"3138","600688.SH","600688","上海石化","上海","石油加工","主板","19931108"
"3139","600689.SH","600689","上海三毛","上海","纺织","主板","19931108"
"3140","600690.SH","600690","海尔智家","山东","家用电器","主板","19931119"
"3141","600691.SH","600691","阳煤化工","山西","农药化肥","主板","19931119"
"3142","600692.SH","600692","亚通股份","上海","房产服务","主板","19931119"
"3143","600693.SH","600693","东百集团","福建","百货","主板","19931122"
"3144","600694.SH","600694","大商股份","辽宁","百货","主板","19931122"
"3145","600695.SH","600695","*ST绿庭","上海","多元金融","主板","19931122"
"3146","600696.SH","600696","岩石股份","上海","白酒","主板","19931206"
"3147","600697.SH","600697","欧亚集团","吉林","百货","主板","19931206"
"3148","600698.SH","600698","湖南天雁","湖南","汽车配件","主板","19931206"
"3149","600699.SH","600699","均胜电子","浙江","汽车配件","主板","19931206"
"3150","600702.SH","600702","舍得酒业","四川","白酒","主板","19960524"
"3151","600703.SH","600703","三安光电","湖北","半导体","主板","19960528"
"3152","600704.SH","600704","物产中大","浙江","商贸代理","主板","19960606"
"3153","600705.SH","600705","中航产融","黑龙江","多元金融","主板","19960516"
"3154","600706.SH","600706","曲江文旅","陕西","旅游服务","主板","19960516"
"3155","600707.SH","600707","彩虹股份","陕西","元器件","主板","19960520"
"3156","600708.SH","600708","光明地产","上海","全国地产","主板","19960606"
"3157","600710.SH","600710","苏美达","江苏","商贸代理","主板","19960701"
"3158","600711.SH","600711","盛屯矿业","福建","小金属","主板","19960531"
"3159","600712.SH","600712","南宁百货","广西","百货","主板","19960626"
"3160","600713.SH","600713","南京医药","江苏","医药商业","主板","19960701"
"3161","600714.SH","600714","金瑞矿业","青海","化工原料","主板","19960606"
"3162","600715.SH","600715","文投控股","辽宁","影视音像","主板","19960701"
"3163","600716.SH","600716","凤凰股份","江苏","区域地产","主板","19960702"
"3164","600717.SH","600717","天津港","天津","港口","主板","19960614"
"3165","600718.SH","600718","东软集团","辽宁","软件服务","主板","19960618"
"3166","600719.SH","600719","大连热电","辽宁","供气供热","主板","19960716"
"3167","600720.SH","600720","祁连山","甘肃","水泥","主板","19960716"
"3168","600721.SH","600721","*ST百花","新疆","生物制药","主板","19960626"
"3169","600722.SH","600722","金牛化工","河北","化工原料","主板","19960626"
"3170","600724.SH","600724","宁波富达","浙江","水泥","主板","19960716"
"3171","600725.SH","600725","云维股份","云南","焦炭加工","主板","19960702"
"3172","600726.SH","600726","华电能源","黑龙江","火力发电","主板","19960701"
"3173","600727.SH","600727","鲁北化工","山东","化工原料","主板","19960702"
"3174","600728.SH","600728","佳都科技","广东","软件服务","主板","19960716"
"3175","600729.SH","600729","重庆百货","重庆","百货","主板","19960702"
"3176","600730.SH","600730","中国高科","北京","综合类","主板","19960726"
"3177","600731.SH","600731","湖南海利","湖南","农药化肥","主板","19960802"
"3178","600732.SH","600732","爱旭股份","上海","电气设备","主板","19960816"
"3179","600733.SH","600733","北汽蓝谷","北京","汽车整车","主板","19960816"
"3180","600734.SH","600734","*ST实达","福建","IT设备","主板","19960808"
"3181","600735.SH","600735","新华锦","山东","商贸代理","主板","19960726"
"3182","600736.SH","600736","苏州高新","江苏","园区开发","主板","19960815"
"3183","600737.SH","600737","中粮糖业","新疆","食品","主板","19960731"
"3184","600738.SH","600738","丽尚国潮","甘肃","百货","主板","19960802"
"3185","600739.SH","600739","辽宁成大","辽宁","商贸代理","主板","19960819"
"3186","600740.SH","600740","山西焦化","山西","焦炭加工","主板","19960808"
"3187","600741.SH","600741","华域汽车","上海","汽车配件","主板","19960826"
"3188","600742.SH","600742","一汽富维","吉林","汽车配件","主板","19960826"
"3189","600743.SH","600743","华远地产","北京","区域地产","主板","19960909"
"3190","600744.SH","600744","华银电力","湖南","火力发电","主板","19960905"
"3191","600745.SH","600745","闻泰科技","湖北","通信设备","主板","19960828"
"3192","600746.SH","600746","江苏索普","江苏","化工原料","主板","19960918"
"3193","600748.SH","600748","上实发展","上海","全国地产","主板","19960925"
"3194","600749.SH","600749","西藏旅游","西藏","旅游景点","主板","19961015"
"3195","600750.SH","600750","江中药业","江西","中成药","主板","19960923"
"3196","600751.SH","600751","海航科技","天津","商贸代理","主板","19960909"
"3197","600753.SH","600753","东方银星","福建","商贸代理","主板","19960927"
"3198","600754.SH","600754","锦江酒店","上海","酒店餐饮","主板","19961011"
"3199","600755.SH","600755","厦门国贸","福建","商贸代理","主板","19961003"
"3200","600756.SH","600756","浪潮软件","山东","软件服务","主板","19960923"
"3201","600757.SH","600757","长江传媒","湖北","出版业","主板","19961003"
"3202","600758.SH","600758","辽宁能源","辽宁","煤炭开采","主板","19961029"
"3203","600759.SH","600759","洲际油气","海南","石油开采","主板","19961008"
"3204","600760.SH","600760","中航沈飞","山东","航空","主板","19961011"
"3205","600761.SH","600761","安徽合力","安徽","工程机械","主板","19961009"
"3206","600763.SH","600763","通策医疗","浙江","医疗保健","主板","19961030"
"3207","600764.SH","600764","中国海防","北京","通信设备","主板","19961104"
"3208","600765.SH","600765","中航重机","贵州","航空","主板","19961106"
"3209","600766.SH","600766","*ST园城","山东","黄金","主板","19961028"
"3210","600767.SH","600767","运盛医疗","四川","医疗保健","主板","19961115"
"3211","600768.SH","600768","宁波富邦","浙江","铝","主板","19961111"
"3212","600769.SH","600769","祥龙电业","湖北","建筑工程","主板","19961101"
"3213","600770.SH","600770","综艺股份","江苏","综合类","主板","19961120"
"3214","600771.SH","600771","广誉远","山西","中成药","主板","19961105"
"3215","600773.SH","600773","西藏城投","西藏","区域地产","主板","19961108"
"3216","600774.SH","600774","汉商集团","湖北","百货","主板","19961108"
"3217","600775.SH","600775","南京熊猫","江苏","通信设备","主板","19961118"
"3218","600776.SH","600776","东方通信","浙江","通信设备","主板","19961126"
"3219","600777.SH","600777","新潮能源","山东","石油开采","主板","19961121"
"3220","600778.SH","600778","友好集团","新疆","百货","主板","19961203"
"3221","600779.SH","600779","水井坊","四川","白酒","主板","19961206"
"3222","600780.SH","600780","通宝能源","山西","火力发电","主板","19961205"
"3223","600781.SH","600781","ST辅仁","河南","中成药","主板","19961218"
"3224","600782.SH","600782","新钢股份","江西","普钢","主板","19961225"
"3225","600783.SH","600783","鲁信创投","山东","多元金融","主板","19961225"
"3226","600784.SH","600784","鲁银投资","山东","综合类","主板","19961225"
"3227","600785.SH","600785","新华百货","宁夏","百货","主板","19970108"
"3228","600787.SH","600787","中储股份","天津","仓储物流","主板","19970121"
"3229","600789.SH","600789","鲁抗医药","山东","化学制药","主板","19970226"
"3230","600790.SH","600790","轻纺城","浙江","商品城","主板","19970228"
"3231","600791.SH","600791","京能置业","北京","全国地产","主板","19970130"
"3232","600792.SH","600792","云煤能源","云南","焦炭加工","主板","19970123"
"3233","600793.SH","600793","宜宾纸业","四川","造纸","主板","19970220"
"3234","600794.SH","600794","保税科技","江苏","仓储物流","主板","19970306"
"3235","600795.SH","600795","国电电力","辽宁","火力发电","主板","19970318"
"3236","600796.SH","600796","钱江生化","浙江","农药化肥","主板","19970408"
"3237","600797.SH","600797","浙大网新","浙江","软件服务","主板","19970418"
"3238","600798.SH","600798","宁波海运","浙江","水运","主板","19970423"
"3239","600800.SH","600800","渤海化学","天津","化工原料","主板","19931206"
"3240","600801.SH","600801","华新水泥","湖北","水泥","主板","19940103"
"3241","600802.SH","600802","福建水泥","福建","水泥","主板","19940103"
"3242","600803.SH","600803","新奥股份","河北","供气供热","主板","19940103"
"3243","600804.SH","600804","鹏博士","四川","电信运营","主板","19940103"
"3244","600805.SH","600805","悦达投资","江苏","综合类","主板","19940103"
"3245","600807.SH","600807","济南高新","山东","区域地产","主板","19940103"
"3246","600808.SH","600808","马钢股份","安徽","普钢","主板","19940106"
"3247","600809.SH","600809","山西汾酒","山西","白酒","主板","19940106"
"3248","600810.SH","600810","神马股份","河南","化纤","主板","19940106"
"3249","600811.SH","600811","东方集团","黑龙江","农业综合","主板","19940106"
"3250","600812.SH","600812","华北制药","河北","化学制药","主板","19940114"
"3251","600814.SH","600814","杭州解百","浙江","百货","主板","19940114"
"3252","600815.SH","600815","厦工股份","福建","工程机械","主板","19940128"
"3253","600816.SH","600816","ST安信","上海","多元金融","主板","19940128"
"3254","600817.SH","600817","宇通重工","河南","专用机械","主板","19940128"
"3255","600818.SH","600818","中路股份","上海","文教休闲","主板","19940128"
"3256","600819.SH","600819","耀皮玻璃","上海","玻璃","主板","19940128"
"3257","600820.SH","600820","隧道股份","上海","建筑工程","主板","19940128"
"3258","600821.SH","600821","金开新能","天津","新型电力","主板","19940128"
"3259","600822.SH","600822","上海物贸","上海","商贸代理","主板","19940204"
"3260","600823.SH","600823","世茂股份","上海","全国地产","主板","19940204"
"3261","600824.SH","600824","益民集团","上海","百货","主板","19940204"
"3262","600825.SH","600825","新华传媒","上海","出版业","主板","19940204"
"3263","600826.SH","600826","兰生股份","上海","商贸代理","主板","19940204"
"3264","600827.SH","600827","百联股份","上海","超市连锁","主板","19940204"
"3265","600828.SH","600828","茂业商业","四川","百货","主板","19940224"
"3266","600829.SH","600829","人民同泰","黑龙江","医药商业","主板","19940224"
"3267","600830.SH","600830","香溢融通","浙江","多元金融","主板","19940224"
"3268","600831.SH","600831","广电网络","陕西","影视音像","主板","19940224"
"3269","600833.SH","600833","第一医药","上海","医药商业","主板","19940224"
"3270","600834.SH","600834","申通地铁","上海","公共交通","主板","19940224"
"3271","600835.SH","600835","上海机电","上海","运输设备","主板","19940224"
"3272","600836.SH","600836","上海易连","上海","广告包装","主板","19940224"
"3273","600837.SH","600837","海通证券","上海","证券","主板","19940224"
"3274","600838.SH","600838","上海九百","上海","百货","主板","19940224"
"3275","600839.SH","600839","四川长虹","四川","家用电器","主板","19940311"
"3276","600841.SH","600841","上柴股份","上海","机械基件","主板","19940311"
"3277","600843.SH","600843","上工申贝","上海","纺织机械","主板","19940311"
"3278","600844.SH","600844","丹化科技","江苏","化工原料","主板","19940311"
"3279","600845.SH","600845","宝信软件","上海","软件服务","主板","19940311"
"3280","600846.SH","600846","同济科技","上海","建筑工程","主板","19940311"
"3281","600847.SH","600847","万里股份","重庆","电气设备","主板","19940324"
"3282","600848.SH","600848","上海临港","上海","园区开发","主板","19940324"
"3283","600850.SH","600850","电科数字","上海","软件服务","主板","19940324"
"3284","600851.SH","600851","海欣股份","上海","化学制药","主板","19940404"
"3285","600853.SH","600853","龙建股份","黑龙江","建筑工程","主板","19940404"
"3286","600854.SH","600854","春兰股份","江苏","家用电器","主板","19940425"
"3287","600855.SH","600855","航天长峰","北京","专用机械","主板","19940425"
"3288","600856.SH","600856","*ST中天","北京","供气供热","主板","19940425"
"3289","600857.SH","600857","宁波中百","浙江","百货","主板","19940425"
"3290","600858.SH","600858","银座股份","山东","百货","主板","19940506"
"3291","600859.SH","600859","王府井","北京","百货","主板","19940506"
"3292","600860.SH","600860","京城股份","北京","专用机械","主板","19940506"
"3293","600861.SH","600861","北京城乡","北京","百货","主板","19940520"
"3294","600862.SH","600862","中航高科","江苏","航空","主板","19940520"
"3295","600863.SH","600863","内蒙华电","内蒙","火力发电","主板","19940520"
"3296","600864.SH","600864","哈投股份","黑龙江","证券","主板","19940809"
"3297","600865.SH","600865","百大集团","浙江","百货","主板","19940809"
"3298","600866.SH","600866","星湖科技","广东","食品","主板","19940818"
"3299","600867.SH","600867","通化东宝","吉林","生物制药","主板","19940824"
"3300","600868.SH","600868","梅雁吉祥","广东","水力发电","主板","19940912"
"3301","600869.SH","600869","远东股份","青海","电气设备","主板","19950206"
"3302","600870.SH","600870","*ST厦华","福建","家用电器","主板","19950228"
"3303","600871.SH","600871","石化油服","北京","石油开采","主板","19950411"
"3304","600872.SH","600872","中炬高新","广东","食品","主板","19950124"
"3305","600873.SH","600873","梅花生物","西藏","食品","主板","19950217"
"3306","600874.SH","600874","创业环保","天津","环境保护","主板","19950630"
"3307","600875.SH","600875","东方电气","四川","电气设备","主板","19951010"
"3308","600876.SH","600876","洛阳玻璃","河南","玻璃","主板","19951031"
"3309","600877.SH","600877","声光电科","重庆","电气设备","主板","19951013"
"3310","600879.SH","600879","航天电子","湖北","航空","主板","19951115"
"3311","600880.SH","600880","博瑞传播","四川","广告包装","主板","19951115"
"3312","600881.SH","600881","亚泰集团","吉林","水泥","主板","19951115"
"3313","600882.SH","600882","妙可蓝多","上海","乳制品","主板","19951206"
"3314","600883.SH","600883","博闻科技","云南","水泥","主板","19951208"
"3315","600884.SH","600884","杉杉股份","浙江","电气设备","主板","19960130"
"3316","600885.SH","600885","宏发股份","湖北","电气设备","主板","19960205"
"3317","600886.SH","600886","国投电力","北京","水力发电","主板","19960118"
"3318","600887.SH","600887","伊利股份","内蒙","乳制品","主板","19960312"
"3319","600888.SH","600888","新疆众和","新疆","铝","主板","19960215"
"3320","600889.SH","600889","南京化纤","江苏","化纤","主板","19960308"
"3321","600890.SH","600890","*ST中房","北京","区域地产","主板","19960318"
"3322","600892.SH","600892","大晟文化","深圳","影视音像","主板","19960315"
"3323","600893.SH","600893","航发动力","陕西","航空","主板","19960408"
"3324","600894.SH","600894","广日股份","广东","运输设备","主板","19960328"
"3325","600895.SH","600895","张江高科","上海","园区开发","主板","19960422"
"3326","600896.SH","600896","*ST海医","海南","医疗保健","主板","19960503"
"3327","600897.SH","600897","厦门空港","福建","机场","主板","19960531"
"3328","600898.SH","600898","ST美讯","山东","通信设备","主板","19960418"
"3329","600900.SH","600900","长江电力","北京","水力发电","主板","20031118"
"3330","600901.SH","600901","江苏租赁","江苏","多元金融","主板","20180301"
"3331","600903.SH","600903","贵州燃气","贵州","供气供热","主板","20171107"
"3332","600905.SH","600905","三峡能源","北京","新型电力","主板","20210610"
"3333","600906.SH","600906","财达证券","河北","证券","主板","20210507"
"3334","600908.SH","600908","无锡银行","江苏","银行","主板","20160923"
"3335","600909.SH","600909","华安证券","安徽","证券","主板","20161206"
"3336","600916.SH","600916","中国黄金","北京","黄金","主板","20210205"
"3337","600917.SH","600917","重庆燃气","重庆","供气供热","主板","20140930"
"3338","600918.SH","600918","中泰证券","山东","证券","主板","20200603"
"3339","600919.SH","600919","江苏银行","江苏","银行","主板","20160802"
"3340","600926.SH","600926","杭州银行","浙江","银行","主板","20161027"
"3341","600927.SH","600927","永安期货","浙江","多元金融","主板","20211223"
"3342","600928.SH","600928","西安银行","陕西","银行","主板","20190301"
"3343","600929.SH","600929","雪天盐业","湖南","食品","主板","20180326"
"3344","600933.SH","600933","爱柯迪","浙江","汽车配件","主板","20171117"
"3345","600935.SH","600935","华塑股份","安徽","化工原料","主板","20211126"
"3346","600936.SH","600936","广西广电","广西","影视音像","主板","20160815"
"3347","600939.SH","600939","重庆建工","重庆","建筑工程","主板","20170221"
"3348","600941.SH","600941","中国移动","北京","电信运营","主板","20220105"
"3349","600955.SH","600955","维远股份","山东","化工原料","主板","20210915"
"3350","600956.SH","600956","新天绿能","河北","供气供热","主板","20200629"
"3351","600958.SH","600958","东方证券","上海","证券","主板","20150323"
"3352","600959.SH","600959","江苏有线","江苏","影视音像","主板","20150428"
"3353","600960.SH","600960","渤海汽车","山东","汽车配件","主板","20040407"
"3354","600961.SH","600961","株冶集团","湖南","铅锌","主板","20040830"
"3355","600962.SH","600962","国投中鲁","北京","软饮料","主板","20040622"
"3356","600963.SH","600963","岳阳林纸","湖南","造纸","主板","20040525"
"3357","600965.SH","600965","福成股份","河北","农业综合","主板","20040713"
"3358","600966.SH","600966","博汇纸业","山东","造纸","主板","20040608"
"3359","600967.SH","600967","内蒙一机","内蒙","运输设备","主板","20040518"
"3360","600968.SH","600968","海油发展","北京","石油开采","主板","20190626"
"3361","600969.SH","600969","郴电国际","湖南","水力发电","主板","20040408"
"3362","600970.SH","600970","中材国际","江苏","建筑工程","主板","20050412"
"3363","600971.SH","600971","恒源煤电","安徽","煤炭开采","主板","20040817"
"3364","600973.SH","600973","宝胜股份","江苏","电气设备","主板","20040802"
"3365","600975.SH","600975","新五丰","湖南","农业综合","主板","20040609"
"3366","600976.SH","600976","健民集团","湖北","中成药","主板","20040419"
"3367","600977.SH","600977","中国电影","北京","影视音像","主板","20160809"
"3368","600979.SH","600979","广安爱众","四川","水力发电","主板","20040906"
"3369","600980.SH","600980","北矿科技","北京","元器件","主板","20040512"
"3370","600981.SH","600981","汇鸿集团","江苏","商贸代理","主板","20040630"
"3371","600982.SH","600982","宁波能源","浙江","供气供热","主板","20040706"
"3372","600983.SH","600983","惠而浦","安徽","家用电器","主板","20040727"
"3373","600984.SH","600984","建设机械","陕西","工程机械","主板","20040707"
"3374","600985.SH","600985","淮北矿业","安徽","煤炭开采","主板","20040428"
"3375","600986.SH","600986","浙文互联","浙江","互联网","主板","20040426"
"3376","600987.SH","600987","航民股份","浙江","纺织","主板","20040809"
"3377","600988.SH","600988","赤峰黄金","内蒙","黄金","主板","20040414"
"3378","600989.SH","600989","宝丰能源","宁夏","化工原料","主板","20190516"
"3379","600990.SH","600990","四创电子","安徽","通信设备","主板","20040510"
"3380","600992.SH","600992","贵绳股份","贵州","钢加工","主板","20040514"
"3381","600993.SH","600993","马应龙","湖北","中成药","主板","20040517"
"3382","600995.SH","600995","文山电力","云南","水力发电","主板","20040615"
"3383","600996.SH","600996","贵广网络","贵州","影视音像","主板","20161226"
"3384","600997.SH","600997","开滦股份","河北","煤炭开采","主板","20040602"
"3385","600998.SH","600998","九州通","湖北","医药商业","主板","20101102"
"3386","600999.SH","600999","招商证券","深圳","证券","主板","20091117"
"3387","601000.SH","601000","唐山港","河北","港口","主板","20100705"
"3388","601001.SH","601001","晋控煤业","山西","煤炭开采","主板","20060623"
"3389","601002.SH","601002","晋亿实业","浙江","机械基件","主板","20070126"
"3390","601003.SH","601003","柳钢股份","广西","普钢","主板","20070227"
"3391","601005.SH","601005","重庆钢铁","重庆","普钢","主板","20070228"
"3392","601006.SH","601006","大秦铁路","山西","铁路","主板","20060801"
"3393","601007.SH","601007","金陵饭店","江苏","酒店餐饮","主板","20070406"
"3394","601008.SH","601008","连云港","江苏","港口","主板","20070426"
"3395","601009.SH","601009","南京银行","江苏","银行","主板","20070719"
"3396","601010.SH","601010","文峰股份","江苏","超市连锁","主板","20110603"
"3397","601011.SH","601011","宝泰隆","黑龙江","焦炭加工","主板","20110309"
"3398","601012.SH","601012","隆基股份","陕西","电气设备","主板","20120411"
"3399","601015.SH","601015","陕西黑猫","陕西","焦炭加工","主板","20141105"
"3400","601016.SH","601016","节能风电","北京","新型电力","主板","20140929"
"3401","601018.SH","601018","宁波港","浙江","港口","主板","20100928"
"3402","601019.SH","601019","山东出版","山东","出版业","主板","20171122"
"3403","601020.SH","601020","ST华钰","西藏","铅锌","主板","20160316"
"3404","601021.SH","601021","春秋航空","上海","空运","主板","20150121"
"3405","601028.SH","601028","玉龙股份","江苏","商贸代理","主板","20111107"
"3406","601038.SH","601038","一拖股份","河南","农用机械","主板","20120808"
"3407","601058.SH","601058","赛轮轮胎","山东","汽车配件","主板","20110630"
"3408","601066.SH","601066","中信建投","北京","证券","主板","20180620"
"3409","601068.SH","601068","中铝国际","北京","建筑工程","主板","20180831"
"3410","601069.SH","601069","西部黄金","新疆","黄金","主板","20150122"
"3411","601077.SH","601077","渝农商行","重庆","银行","主板","20191029"
"3412","601086.SH","601086","国芳集团","甘肃","百货","主板","20170929"
"3413","601088.SH","601088","中国神华","北京","煤炭开采","主板","20071009"
"3414","601098.SH","601098","中南传媒","湖南","出版业","主板","20101028"
"3415","601099.SH","601099","太平洋","云南","证券","主板","20071228"
"3416","601100.SH","601100","恒立液压","江苏","工程机械","主板","20111028"
"3417","601101.SH","601101","昊华能源","北京","煤炭开采","主板","20100331"
"3418","601106.SH","601106","中国一重","黑龙江","工程机械","主板","20100209"
"3419","601107.SH","601107","四川成渝","四川","路桥","主板","20090727"
"3420","601108.SH","601108","财通证券","浙江","证券","主板","20171024"
"3421","601111.SH","601111","中国国航","北京","空运","主板","20060818"
"3422","601113.SH","601113","ST华鼎","浙江","互联网","主板","20110509"
"3423","601116.SH","601116","三江购物","浙江","超市连锁","主板","20110302"
"3424","601117.SH","601117","中国化学","北京","建筑工程","主板","20100107"
"3425","601118.SH","601118","海南橡胶","海南","橡胶","主板","20110107"
"3426","601126.SH","601126","四方股份","北京","电气设备","主板","20101231"
"3427","601127.SH","601127","小康股份","重庆","汽车整车","主板","20160615"
"3428","601128.SH","601128","常熟银行","江苏","银行","主板","20160930"
"3429","601137.SH","601137","博威合金","浙江","铜","主板","20110127"
"3430","601138.SH","601138","工业富联","深圳","通信设备","主板","20180608"
"3431","601139.SH","601139","深圳燃气","深圳","供气供热","主板","20091225"
"3432","601155.SH","601155","新城控股","江苏","区域地产","主板","20151204"
"3433","601156.SH","601156","东航物流","上海","空运","主板","20210609"
"3434","601158.SH","601158","重庆水务","重庆","水务","主板","20100329"
"3435","601162.SH","601162","天风证券","湖北","证券","主板","20181019"
"3436","601163.SH","601163","三角轮胎","山东","汽车配件","主板","20160909"
"3437","601166.SH","601166","兴业银行","福建","银行","主板","20070205"
"3438","601168.SH","601168","西部矿业","青海","铜","主板","20070712"
"3439","601169.SH","601169","北京银行","北京","银行","主板","20070919"
"3440","601177.SH","601177","杭齿前进","浙江","机械基件","主板","20101011"
"3441","601179.SH","601179","中国西电","陕西","电气设备","主板","20100128"
"3442","601186.SH","601186","中国铁建","北京","建筑工程","主板","20080310"
"3443","601187.SH","601187","厦门银行","福建","银行","主板","20201027"
"3444","601188.SH","601188","龙江交通","黑龙江","路桥","主板","20100319"
"3445","601198.SH","601198","东兴证券","北京","证券","主板","20150226"
"3446","601199.SH","601199","江南水务","江苏","水务","主板","20110317"
"3447","601200.SH","601200","上海环境","上海","环境保护","主板","20170331"
"3448","601208.SH","601208","东材科技","四川","化工原料","主板","20110520"
"3449","601211.SH","601211","国泰君安","上海","证券","主板","20150626"
"3450","601212.SH","601212","白银有色","甘肃","铜","主板","20170215"
"3451","601216.SH","601216","君正集团","内蒙","化工原料","主板","20110222"
"3452","601218.SH","601218","吉鑫科技","江苏","电气设备","主板","20110506"
"3453","601222.SH","601222","林洋能源","江苏","电器仪表","主板","20110808"
"3454","601225.SH","601225","陕西煤业","陕西","煤炭开采","主板","20140128"
"3455","601226.SH","601226","华电重工","北京","建筑工程","主板","20141211"
"3456","601228.SH","601228","广州港","广东","港口","主板","20170329"
"3457","601229.SH","601229","上海银行","上海","银行","主板","20161116"
"3458","601231.SH","601231","环旭电子","上海","元器件","主板","20120220"
"3459","601233.SH","601233","桐昆股份","浙江","化纤","主板","20110518"
"3460","601236.SH","601236","红塔证券","云南","证券","主板","20190705"
"3461","601238.SH","601238","广汽集团","广东","汽车整车","主板","20120329"
"3462","601258.SH","601258","庞大集团","河北","汽车服务","主板","20110428"
"3463","601279.SH","601279","英利汽车","吉林","汽车配件","主板","20210415"
"3464","601288.SH","601288","农业银行","北京","银行","主板","20100715"
"3465","601298.SH","601298","青岛港","山东","港口","主板","20190121"
"3466","601311.SH","601311","骆驼股份","湖北","电气设备","主板","20110602"
"3467","601318.SH","601318","中国平安","深圳","保险","主板","20070301"
"3468","601319.SH","601319","中国人保","北京","保险","主板","20181116"
"3469","601326.SH","601326","秦港股份","河北","港口","主板","20170816"
"3470","601328.SH","601328","交通银行","上海","银行","主板","20070515"
"3471","601330.SH","601330","绿色动力","深圳","环境保护","主板","20180611"
"3472","601333.SH","601333","广深铁路","深圳","铁路","主板","20061222"
"3473","601336.SH","601336","新华保险","北京","保险","主板","20111216"
"3474","601339.SH","601339","百隆东方","浙江","纺织","主板","20120612"
"3475","601360.SH","601360","三六零","天津","互联网","主板","20120116"
"3476","601366.SH","601366","利群股份","山东","百货","主板","20170412"
"3477","601368.SH","601368","绿城水务","广西","水务","主板","20150612"
"3478","601369.SH","601369","陕鼓动力","陕西","机械基件","主板","20100428"
"3479","601375.SH","601375","中原证券","河南","证券","主板","20170103"
"3480","601377.SH","601377","兴业证券","福建","证券","主板","20101013"
"3481","601388.SH","601388","怡球资源","江苏","铝","主板","20120423"
"3482","601390.SH","601390","中国中铁","北京","建筑工程","主板","20071203"
"3483","601398.SH","601398","工商银行","北京","银行","主板","20061027"
"3484","601399.SH","601399","国机重装","四川","工程机械","主板","20200608"
"3485","601456.SH","601456","国联证券","江苏","证券","主板","20200731"
"3486","601500.SH","601500","通用股份","江苏","汽车配件","主板","20160919"
"3487","601512.SH","601512","中新集团","江苏","园区开发","主板","20191220"
"3488","601515.SH","601515","东风股份","广东","广告包装","主板","20120216"
"3489","601518.SH","601518","吉林高速","吉林","路桥","主板","20100319"
"3490","601519.SH","601519","大智慧","上海","软件服务","主板","20110128"
"3491","601528.SH","601528","瑞丰银行","浙江","银行","主板","20210625"
"3492","601555.SH","601555","东吴证券","江苏","证券","主板","20111212"
"3493","601566.SH","601566","九牧王","福建","服饰","主板","20110530"
"3494","601567.SH","601567","三星医疗","浙江","电器仪表","主板","20110615"
"3495","601568.SH","601568","北元集团","陕西","化工原料","主板","20201020"
"3496","601577.SH","601577","长沙银行","湖南","银行","主板","20180926"
"3497","601579.SH","601579","会稽山","浙江","红黄酒","主板","20140825"
"3498","601588.SH","601588","北辰实业","北京","区域地产","主板","20061016"
"3499","601595.SH","601595","上海电影","上海","影视音像","主板","20160817"
"3500","601598.SH","601598","中国外运","北京","仓储物流","主板","20190118"
"3501","601599.SH","601599","浙文影业","江苏","纺织","主板","20110527"
"3502","601600.SH","601600","中国铝业","北京","铝","主板","20070430"
"3503","601601.SH","601601","中国太保","上海","保险","主板","20071225"
"3504","601606.SH","601606","长城军工","安徽","专用机械","主板","20180806"
"3505","601607.SH","601607","上海医药","上海","医药商业","主板","19940324"
"3506","601608.SH","601608","中信重工","河南","专用机械","主板","20120706"
"3507","601609.SH","601609","金田铜业","浙江","铜","主板","20200422"
"3508","601611.SH","601611","中国核建","上海","建筑工程","主板","20160606"
"3509","601615.SH","601615","明阳智能","广东","电气设备","主板","20190123"
"3510","601616.SH","601616","广电电气","上海","电气设备","主板","20110201"
"3511","601618.SH","601618","中国中冶","北京","建筑工程","主板","20090921"
"3512","601619.SH","601619","嘉泽新能","宁夏","新型电力","主板","20170720"
"3513","601628.SH","601628","中国人寿","北京","保险","主板","20070109"
"3514","601633.SH","601633","长城汽车","河北","汽车整车","主板","20110928"
"3515","601636.SH","601636","旗滨集团","湖南","玻璃","主板","20110812"
"3516","601658.SH","601658","邮储银行","北京","银行","主板","20191210"
"3517","601665.SH","601665","齐鲁银行","山东","银行","主板","20210618"
"3518","601666.SH","601666","平煤股份","河南","煤炭开采","主板","20061123"
"3519","601668.SH","601668","中国建筑","北京","建筑工程","主板","20090729"
"3520","601669.SH","601669","中国电建","北京","建筑工程","主板","20111018"
"3521","601677.SH","601677","明泰铝业","河南","铝","主板","20110919"
"3522","601678.SH","601678","滨化股份","山东","化工原料","主板","20100223"
"3523","601686.SH","601686","友发集团","天津","钢加工","主板","20201204"
"3524","601688.SH","601688","华泰证券","江苏","证券","主板","20100226"
"3525","601689.SH","601689","拓普集团","浙江","汽车配件","主板","20150319"
"3526","601696.SH","601696","中银证券","上海","证券","主板","20200226"
"3527","601698.SH","601698","中国卫通","北京","电信运营","主板","20190628"
"3528","601699.SH","601699","潞安环能","山西","煤炭开采","主板","20060922"
"3529","601700.SH","601700","风范股份","江苏","电气设备","主板","20110118"
"3530","601702.SH","601702","华峰铝业","上海","铝","主板","20200907"
"3531","601717.SH","601717","郑煤机","河南","汽车配件","主板","20100803"
"3532","601718.SH","601718","际华集团","北京","服饰","主板","20100816"
"3533","601727.SH","601727","上海电气","上海","电气设备","主板","20081205"
"3534","601728.SH","601728","中国电信","北京","电信运营","主板","20210820"
"3535","601766.SH","601766","中国中车","北京","运输设备","主板","20080818"
"3536","601777.SH","601777","力帆科技","重庆","摩托车","主板","20101125"
"3537","601778.SH","601778","晶科科技","江西","新型电力","主板","20200519"
"3538","601788.SH","601788","光大证券","上海","证券","主板","20090818"
"3539","601789.SH","601789","宁波建工","浙江","建筑工程","主板","20110816"
"3540","601798.SH","601798","蓝科高新","甘肃","化工机械","主板","20110622"
"3541","601799.SH","601799","星宇股份","江苏","汽车配件","主板","20110201"
"3542","601800.SH","601800","中国交建","北京","建筑工程","主板","20120309"
"3543","601801.SH","601801","皖新传媒","安徽","出版业","主板","20100118"
"3544","601808.SH","601808","中海油服","天津","石油开采","主板","20070928"
"3545","601811.SH","601811","新华文轩","四川","出版业","主板","20160808"
"3546","601816.SH","601816","京沪高铁","北京","铁路","主板","20200116"
"3547","601818.SH","601818","光大银行","北京","银行","主板","20100818"
"3548","601825.SH","601825","沪农商行","上海","银行","主板","20210819"
"3549","601827.SH","601827","三峰环境","重庆","环境保护","主板","20200605"
"3550","601828.SH","601828","美凯龙","上海","其他商业","主板","20180117"
"3551","601838.SH","601838","成都银行","四川","银行","主板","20180131"
"3552","601857.SH","601857","中国石油","北京","石油开采","主板","20071105"
"3553","601858.SH","601858","中国科传","北京","出版业","主板","20170118"
"3554","601860.SH","601860","紫金银行","江苏","银行","主板","20190103"
"3555","601865.SH","601865","福莱特","浙江","玻璃","主板","20190215"
"3556","601866.SH","601866","中远海发","上海","水运","主板","20071212"
"3557","601868.SH","601868","中国能建","北京","建筑工程","主板","20210928"
"3558","601869.SH","601869","长飞光纤","湖北","通信设备","主板","20180720"
"3559","601872.SH","601872","招商轮船","上海","水运","主板","20061201"
"3560","601877.SH","601877","正泰电器","浙江","电气设备","主板","20100121"
"3561","601878.SH","601878","浙商证券","浙江","证券","主板","20170626"
"3562","601880.SH","601880","辽港股份","辽宁","港口","主板","20101206"
"3563","601881.SH","601881","中国银河","北京","证券","主板","20170123"
"3564","601882.SH","601882","海天精工","浙江","机床制造","主板","20161107"
"3565","601886.SH","601886","江河集团","北京","装修装饰","主板","20110818"
"3566","601888.SH","601888","中国中免","北京","旅游服务","主板","20091015"
"3567","601890.SH","601890","亚星锚链","江苏","船舶","主板","20101228"
"3568","601898.SH","601898","中煤能源","北京","煤炭开采","主板","20080201"
"3569","601899.SH","601899","紫金矿业","福建","黄金","主板","20080425"
"3570","601900.SH","601900","南方传媒","广东","出版业","主板","20160215"
"3571","601901.SH","601901","方正证券","湖南","证券","主板","20110810"
"3572","601908.SH","601908","京运通","北京","新型电力","主板","20110908"
"3573","601916.SH","601916","浙商银行","浙江","银行","主板","20191126"
"3574","601918.SH","601918","新集能源","安徽","煤炭开采","主板","20071219"
"3575","601919.SH","601919","中远海控","天津","水运","主板","20070626"
"3576","601921.SH","601921","浙版传媒","浙江","出版业","主板","20210723"
"3577","601928.SH","601928","凤凰传媒","江苏","出版业","主板","20111130"
"3578","601929.SH","601929","吉视传媒","吉林","影视音像","主板","20120223"
"3579","601933.SH","601933","永辉超市","福建","超市连锁","主板","20101215"
"3580","601939.SH","601939","建设银行","北京","银行","主板","20070925"
"3581","601949.SH","601949","中国出版","北京","出版业","主板","20170821"
"3582","601952.SH","601952","苏垦农发","江苏","种植业","主板","20170515"
"3583","601956.SH","601956","东贝集团","湖北","家用电器","主板","20201225"
"3584","601958.SH","601958","金钼股份","陕西","小金属","主板","20080417"
"3585","601963.SH","601963","重庆银行","重庆","银行","主板","20210205"
"3586","601965.SH","601965","中国汽研","重庆","汽车服务","主板","20120611"
"3587","601966.SH","601966","玲珑轮胎","山东","汽车配件","主板","20160706"
"3588","601968.SH","601968","宝钢包装","上海","广告包装","主板","20150611"
"3589","601969.SH","601969","海南矿业","海南","普钢","主板","20141209"
"3590","601975.SH","601975","招商南油","江苏","水运","主板","20190108"
"3591","601985.SH","601985","中国核电","北京","新型电力","主板","20150610"
"3592","601988.SH","601988","中国银行","北京","银行","主板","20060705"
"3593","601989.SH","601989","中国重工","北京","船舶","主板","20091216"
"3594","601990.SH","601990","南京证券","江苏","证券","主板","20180613"
"3595","601991.SH","601991","大唐发电","北京","火力发电","主板","20061220"
"3596","601992.SH","601992","金隅集团","北京","水泥","主板","20110301"
"3597","601995.SH","601995","中金公司","北京","证券","主板","20201102"
"3598","601996.SH","601996","丰林集团","广西","家居用品","主板","20110929"
"3599","601997.SH","601997","贵阳银行","贵州","银行","主板","20160816"
"3600","601998.SH","601998","中信银行","北京","银行","主板","20070427"
"3601","601999.SH","601999","出版传媒","辽宁","出版业","主板","20071221"
"3602","603000.SH","603000","人民网","北京","互联网","主板","20120427"
"3603","603001.SH","603001","奥康国际","浙江","服饰","主板","20120426"
"3604","603002.SH","603002","宏昌电子","广东","化工原料","主板","20120518"
"3605","603003.SH","603003","龙宇燃油","上海","石油贸易","主板","20120817"
"3606","603005.SH","603005","晶方科技","江苏","半导体","主板","20140210"
"3607","603006.SH","603006","联明股份","上海","汽车配件","主板","20140630"
"3608","603007.SH","603007","ST花王","江苏","建筑工程","主板","20160826"
"3609","603008.SH","603008","喜临门","浙江","家居用品","主板","20120717"
"3610","603009.SH","603009","北特科技","上海","汽车配件","主板","20140718"
"3611","603010.SH","603010","万盛股份","浙江","化工原料","主板","20141010"
"3612","603011.SH","603011","合锻智能","安徽","机床制造","主板","20141107"
"3613","603012.SH","603012","创力集团","上海","专用机械","主板","20150320"
"3614","603013.SH","603013","亚普股份","江苏","汽车配件","主板","20180509"
"3615","603015.SH","603015","弘讯科技","浙江","电气设备","主板","20150303"
"3616","603016.SH","603016","新宏泰","江苏","电气设备","主板","20160701"
"3617","603017.SH","603017","中衡设计","江苏","建筑工程","主板","20141231"
"3618","603018.SH","603018","华设集团","江苏","建筑工程","主板","20141013"
"3619","603019.SH","603019","中科曙光","天津","IT设备","主板","20141106"
"3620","603020.SH","603020","爱普股份","上海","食品","主板","20150325"
"3621","603021.SH","603021","山东华鹏","山东","玻璃","主板","20150423"
"3622","603022.SH","603022","新通联","上海","广告包装","主板","20150518"
"3623","603023.SH","603023","威帝股份","黑龙江","汽车配件","主板","20150527"
"3624","603025.SH","603025","大豪科技","北京","纺织机械","主板","20150422"
"3625","603026.SH","603026","石大胜华","山东","化工原料","主板","20150529"
"3626","603027.SH","603027","千禾味业","四川","食品","主板","20160307"
"3627","603028.SH","603028","赛福天","江苏","钢加工","主板","20160331"
"3628","603029.SH","603029","天鹅股份","山东","农用机械","主板","20160427"
"3629","603030.SH","603030","全筑股份","上海","装修装饰","主板","20150320"
"3630","603031.SH","603031","安德利","安徽","百货","主板","20160822"
"3631","603032.SH","603032","*ST德新","新疆","公共交通","主板","20170105"
"3632","603033.SH","603033","三维股份","浙江","橡胶","主板","20161207"
"3633","603035.SH","603035","常熟汽饰","江苏","汽车配件","主板","20170105"
"3634","603036.SH","603036","如通股份","江苏","专用机械","主板","20161209"
"3635","603037.SH","603037","凯众股份","上海","汽车配件","主板","20170120"
"3636","603038.SH","603038","华立股份","广东","装修装饰","主板","20170116"
"3637","603039.SH","603039","泛微网络","上海","软件服务","主板","20170113"
"3638","603040.SH","603040","新坐标","浙江","汽车配件","主板","20170209"
"3639","603041.SH","603041","美思德","江苏","化工原料","主板","20170330"
"3640","603042.SH","603042","华脉科技","江苏","通信设备","主板","20170602"
"3641","603043.SH","603043","广州酒家","广东","食品","主板","20170627"
"3642","603045.SH","603045","福达合金","浙江","电气设备","主板","20180517"
"3643","603048.SH","603048","浙江黎明","浙江","汽车配件","主板","20211116"
"3644","603050.SH","603050","科林电气","河北","电气设备","主板","20170414"
"3645","603053.SH","603053","成都燃气","四川","供气供热","主板","20191217"
"3646","603055.SH","603055","台华新材","浙江","纺织","主板","20170921"
"3647","603056.SH","603056","德邦股份","上海","仓储物流","主板","20180116"
"3648","603058.SH","603058","永吉股份","贵州","广告包装","主板","20161223"
"3649","603059.SH","603059","倍加洁","江苏","日用化工","主板","20180302"
"3650","603060.SH","603060","国检集团","北京","建筑工程","主板","20161109"
"3651","603063.SH","603063","禾望电气","深圳","电气设备","主板","20170728"
"3652","603066.SH","603066","音飞储存","江苏","仓储物流","主板","20150611"
"3653","603067.SH","603067","振华股份","湖北","化工原料","主板","20160913"
"3654","603068.SH","603068","博通集成","上海","半导体","主板","20190415"
"3655","603069.SH","603069","海汽集团","海南","公路","主板","20160712"
"3656","603071.SH","603071","物产环能","浙江","批发业","主板","20211216"
"3657","603076.SH","603076","乐惠国际","浙江","专用机械","主板","20171113"
"3658","603077.SH","603077","和邦生物","四川","化工原料","主板","20120731"
"3659","603078.SH","603078","江化微","江苏","化工原料","主板","20170410"
"3660","603079.SH","603079","圣达生物","浙江","食品","主板","20170823"
"3661","603080.SH","603080","新疆火炬","新疆","供气供热","主板","20180103"
"3662","603081.SH","603081","大丰实业","浙江","专用机械","主板","20170420"
"3663","603083.SH","603083","剑桥科技","上海","通信设备","主板","20171110"
"3664","603085.SH","603085","天成自控","浙江","汽车配件","主板","20150630"
"3665","603086.SH","603086","先达股份","山东","农药化肥","主板","20170511"
"3666","603087.SH","603087","甘李药业","北京","生物制药","主板","20200629"
"3667","603088.SH","603088","宁波精达","浙江","专用机械","主板","20141111"
"3668","603089.SH","603089","正裕工业","浙江","汽车配件","主板","20170126"
"3669","603090.SH","603090","宏盛股份","江苏","专用机械","主板","20160831"
"3670","603093.SH","603093","南华期货","浙江","多元金融","主板","20190830"
"3671","603095.SH","603095","越剑智能","浙江","纺织机械","主板","20200415"
"3672","603096.SH","603096","新经典","天津","出版业","主板","20170425"
"3673","603098.SH","603098","森特股份","北京","装修装饰","主板","20161216"
"3674","603099.SH","603099","长白山","吉林","旅游景点","主板","20140822"
"3675","603100.SH","603100","川仪股份","重庆","电器仪表","主板","20140805"
"3676","603101.SH","603101","汇嘉时代","新疆","百货","主板","20160506"
"3677","603103.SH","603103","横店影视","浙江","影视音像","主板","20171012"
"3678","603105.SH","603105","芯能科技","浙江","电气设备","主板","20180709"
"3679","603106.SH","603106","恒银科技","天津","IT设备","主板","20170920"
"3680","603108.SH","603108","润达医疗","上海","医药商业","主板","20150527"
"3681","603109.SH","603109","神驰机电","重庆","电气设备","主板","20191231"
"3682","603110.SH","603110","东方材料","浙江","染料涂料","主板","20171013"
"3683","603111.SH","603111","康尼机电","江苏","运输设备","主板","20140801"
"3684","603112.SH","603112","华翔股份","山西","机械基件","主板","20200917"
"3685","603113.SH","603113","金能科技","山东","焦炭加工","主板","20170511"
"3686","603115.SH","603115","海星股份","江苏","铝","主板","20190809"
"3687","603116.SH","603116","红蜻蜓","浙江","服饰","主板","20150629"
"3688","603117.SH","603117","万林物流","江苏","仓储物流","主板","20150629"
"3689","603118.SH","603118","共进股份","深圳","通信设备","主板","20150225"
"3690","603121.SH","603121","华培动力","上海","汽车配件","主板","20190111"
"3691","603123.SH","603123","翠微股份","北京","百货","主板","20120503"
"3692","603126.SH","603126","中材节能","天津","环境保护","主板","20140731"
"3693","603127.SH","603127","昭衍新药","北京","医疗保健","主板","20170825"
"3694","603128.SH","603128","华贸物流","上海","仓储物流","主板","20120529"
"3695","603129.SH","603129","春风动力","浙江","摩托车","主板","20170818"
"3696","603131.SH","603131","上海沪工","上海","专用机械","主板","20160607"
"3697","603133.SH","603133","碳元科技","江苏","元器件","主板","20170320"
"3698","603136.SH","603136","天目湖","江苏","旅游景点","主板","20170927"
"3699","603138.SH","603138","海量数据","北京","软件服务","主板","20170306"
"3700","603139.SH","603139","康惠制药","陕西","中成药","主板","20170421"
"3701","603155.SH","603155","新亚强","江苏","化工原料","主板","20200901"
"3702","603156.SH","603156","养元饮品","河北","软饮料","主板","20180212"
"3703","603157.SH","603157","*ST拉夏","新疆","服饰","主板","20170925"
"3704","603158.SH","603158","腾龙股份","江苏","汽车配件","主板","20150320"
"3705","603159.SH","603159","上海亚虹","上海","专用机械","主板","20160812"
"3706","603160.SH","603160","汇顶科技","深圳","元器件","主板","20161017"
"3707","603161.SH","603161","科华控股","江苏","汽车配件","主板","20180105"
"3708","603165.SH","603165","荣晟环保","浙江","造纸","主板","20170117"
"3709","603166.SH","603166","福达股份","广西","汽车配件","主板","20141127"
"3710","603167.SH","603167","渤海轮渡","山东","水运","主板","20120906"
"3711","603168.SH","603168","莎普爱思","浙江","化学制药","主板","20140702"
"3712","603169.SH","603169","兰石重装","甘肃","专用机械","主板","20141009"
"3713","603171.SH","603171","税友股份","浙江","软件服务","主板","20210630"
"3714","603176.SH","603176","汇通集团","河北","建筑工程","主板","20211231"
"3715","603177.SH","603177","德创环保","浙江","环境保护","主板","20170207"
"3716","603178.SH","603178","圣龙股份","浙江","汽车配件","主板","20170328"
"3717","603179.SH","603179","新泉股份","江苏","汽车配件","主板","20170317"
"3718","603180.SH","603180","金牌厨柜","福建","家居用品","主板","20170512"
"3719","603181.SH","603181","皇马科技","浙江","化工原料","主板","20170824"
"3720","603183.SH","603183","建研院","江苏","建筑工程","主板","20170905"
"3721","603185.SH","603185","上机数控","江苏","电气设备","主板","20181228"
"3722","603186.SH","603186","华正新材","浙江","元器件","主板","20170103"
"3723","603187.SH","603187","海容冷链","山东","机械基件","主板","20181129"
"3724","603188.SH","603188","亚邦股份","江苏","染料涂料","主板","20140909"
"3725","603189.SH","603189","网达软件","上海","软件服务","主板","20160914"
"3726","603192.SH","603192","汇得科技","上海","化工原料","主板","20180828"
"3727","603195.SH","603195","公牛集团","浙江","家居用品","主板","20200206"
"3728","603196.SH","603196","日播时尚","上海","服饰","主板","20170531"
"3729","603197.SH","603197","保隆科技","上海","汽车配件","主板","20170519"
"3730","603198.SH","603198","迎驾贡酒","安徽","白酒","主板","20150528"
"3731","603199.SH","603199","九华旅游","安徽","旅游景点","主板","20150326"
"3732","603200.SH","603200","上海洗霸","上海","环境保护","主板","20170601"
"3733","603203.SH","603203","快克股份","江苏","专用机械","主板","20161108"
"3734","603208.SH","603208","江山欧派","浙江","家居用品","主板","20170210"
"3735","603212.SH","603212","赛伍技术","江苏","塑料","主板","20200430"
"3736","603213.SH","603213","镇洋发展","浙江","化工原料","主板","20211111"
"3737","603214.SH","603214","爱婴室","上海","百货","主板","20180330"
"3738","603216.SH","603216","梦天家居","浙江","家居用品","主板","20211215"
"3739","603217.SH","603217","元利科技","山东","化工原料","主板","20190620"
"3740","603218.SH","603218","日月股份","浙江","电气设备","主板","20161228"
"3741","603219.SH","603219","富佳股份","浙江","家用电器","主板","20211122"
"3742","603220.SH","603220","中贝通信","湖北","通信设备","主板","20181115"
"3743","603221.SH","603221","爱丽家居","江苏","家居用品","主板","20200323"
"3744","603222.SH","603222","济民医疗","浙江","化学制药","主板","20150217"
"3745","603223.SH","603223","恒通股份","山东","仓储物流","主板","20150630"
"3746","603225.SH","603225","新凤鸣","浙江","化纤","主板","20170418"
"3747","603226.SH","603226","菲林格尔","上海","家居用品","主板","20170615"
"3748","603227.SH","603227","雪峰科技","新疆","化工原料","主板","20150515"
"3749","603228.SH","603228","景旺电子","深圳","元器件","主板","20170106"
"3750","603229.SH","603229","奥翔药业","浙江","化学制药","主板","20170509"
"3751","603230.SH","603230","内蒙新华","内蒙","出版业","主板","20211224"
"3752","603232.SH","603232","格尔软件","上海","软件服务","主板","20170421"
"3753","603233.SH","603233","大参林","广东","医药商业","主板","20170731"
"3754","603236.SH","603236","移远通信","上海","通信设备","主板","20190716"
"3755","603238.SH","603238","诺邦股份","浙江","纺织","主板","20170222"
"3756","603239.SH","603239","浙江仙通","浙江","汽车配件","主板","20161230"
"3757","603256.SH","603256","宏和科技","上海","玻璃","主板","20190719"
"3758","603258.SH","603258","电魂网络","浙江","互联网","主板","20161026"
"3759","603259.SH","603259","药明康德","江苏","化学制药","主板","20180508"
"3760","603260.SH","603260","合盛硅业","浙江","化工原料","主板","20171030"
"3761","603266.SH","603266","天龙股份","浙江","塑料","主板","20170110"
"3762","603267.SH","603267","鸿远电子","北京","元器件","主板","20190515"
"3763","603268.SH","603268","松发股份","广东","陶瓷","主板","20150319"
"3764","603269.SH","603269","海鸥股份","江苏","机械基件","主板","20170517"
"3765","603277.SH","603277","银都股份","浙江","专用机械","主板","20170911"
"3766","603278.SH","603278","大业股份","山东","钢加工","主板","20171113"
"3767","603279.SH","603279","景津环保","山东","环境保护","主板","20190729"
"3768","603283.SH","603283","赛腾股份","江苏","专用机械","主板","20171225"
"3769","603286.SH","603286","日盈电子","江苏","汽车配件","主板","20170627"
"3770","603288.SH","603288","海天味业","广东","食品","主板","20140211"
"3771","603289.SH","603289","泰瑞机器","浙江","专用机械","主板","20171031"
"3772","603290.SH","603290","斯达半导","浙江","半导体","主板","20200204"
"3773","603297.SH","603297","永新光学","浙江","电器仪表","主板","20180910"
"3774","603298.SH","603298","杭叉集团","浙江","专用机械","主板","20161227"
"3775","603299.SH","603299","苏盐井神","江苏","食品","主板","20151231"
"3776","603300.SH","603300","华铁应急","浙江","多元金融","主板","20150529"
"3777","603301.SH","603301","振德医疗","浙江","医疗保健","主板","20180412"
"3778","603303.SH","603303","得邦照明","浙江","家用电器","主板","20170330"
"3779","603305.SH","603305","旭升股份","浙江","汽车配件","主板","20170710"
"3780","603306.SH","603306","华懋科技","福建","汽车配件","主板","20140926"
"3781","603308.SH","603308","应流股份","安徽","专用机械","主板","20140122"
"3782","603309.SH","603309","维力医疗","广东","医疗保健","主板","20150302"
"3783","603311.SH","603311","金海高科","浙江","家用电器","主板","20150518"
"3784","603313.SH","603313","梦百合","江苏","家居用品","主板","20161013"
"3785","603315.SH","603315","福鞍股份","辽宁","机械基件","主板","20150424"
"3786","603316.SH","603316","诚邦股份","浙江","建筑工程","主板","20170619"
"3787","603317.SH","603317","天味食品","四川","食品","主板","20190416"
"3788","603318.SH","603318","水发燃气","辽宁","供气供热","主板","20150424"
"3789","603319.SH","603319","湘油泵","湖南","汽车配件","主板","20161130"
"3790","603320.SH","603320","迪贝电气","浙江","机械基件","主板","20170502"
"3791","603321.SH","603321","梅轮电梯","浙江","运输设备","主板","20170915"
"3792","603322.SH","603322","超讯通信","广东","通信设备","主板","20160728"
"3793","603323.SH","603323","苏农银行","江苏","银行","主板","20161129"
"3794","603324.SH","603324","盛剑环境","上海","环境保护","主板","20210407"
"3795","603326.SH","603326","我乐家居","江苏","家居用品","主板","20170616"
"3796","603327.SH","603327","福蓉科技","四川","元器件","主板","20190523"
"3797","603328.SH","603328","依顿电子","广东","元器件","主板","20140701"
"3798","603329.SH","603329","上海雅仕","上海","仓储物流","主板","20171229"
"3799","603330.SH","603330","上海天洋","上海","塑料","主板","20170213"
"3800","603331.SH","603331","百达精工","浙江","专用机械","主板","20170705"
"3801","603332.SH","603332","苏州龙杰","江苏","化纤","主板","20190117"
"3802","603333.SH","603333","尚纬股份","四川","电气设备","主板","20120507"
"3803","603335.SH","603335","迪生力","广东","汽车配件","主板","20170620"
"3804","603336.SH","603336","宏辉果蔬","广东","农业综合","主板","20161124"
"3805","603337.SH","603337","杰克股份","浙江","纺织机械","主板","20170119"
"3806","603338.SH","603338","浙江鼎力","浙江","专用机械","主板","20150325"
"3807","603339.SH","603339","四方科技","江苏","专用机械","主板","20160519"
"3808","603345.SH","603345","安井食品","福建","食品","主板","20170222"
"3809","603348.SH","603348","文灿股份","广东","汽车配件","主板","20180426"
"3810","603351.SH","603351","威尔药业","江苏","化学制药","主板","20190130"
"3811","603353.SH","603353","和顺石油","湖南","石油贸易","主板","20200407"
"3812","603355.SH","603355","莱克电气","江苏","家用电器","主板","20150513"
"3813","603356.SH","603356","华菱精工","安徽","运输设备","主板","20180124"
"3814","603357.SH","603357","设计总院","安徽","建筑工程","主板","20170801"
"3815","603358.SH","603358","华达科技","江苏","汽车配件","主板","20170125"
"3816","603359.SH","603359","东珠生态","江苏","环境保护","主板","20170901"
"3817","603360.SH","603360","百傲化学","辽宁","化工原料","主板","20170206"
"3818","603363.SH","603363","傲农生物","福建","饲料","主板","20170926"
"3819","603365.SH","603365","水星家纺","上海","纺织","主板","20171120"
"3820","603366.SH","603366","日出东方","江苏","家用电器","主板","20120521"
"3821","603367.SH","603367","辰欣药业","山东","化学制药","主板","20170929"
"3822","603368.SH","603368","柳药股份","广西","医药商业","主板","20141204"
"3823","603369.SH","603369","今世缘","江苏","白酒","主板","20140703"
"3824","603377.SH","603377","东方时尚","北京","汽车服务","主板","20160205"
"3825","603378.SH","603378","亚士创能","上海","染料涂料","主板","20170928"
"3826","603379.SH","603379","三美股份","浙江","化工原料","主板","20190402"
"3827","603380.SH","603380","易德龙","江苏","元器件","主板","20170622"
"3828","603383.SH","603383","顶点软件","福建","软件服务","主板","20170522"
"3829","603385.SH","603385","惠达卫浴","河北","家居用品","主板","20170405"
"3830","603386.SH","603386","广东骏亚","广东","元器件","主板","20170912"
"3831","603387.SH","603387","基蛋生物","江苏","医疗保健","主板","20170717"
"3832","603388.SH","603388","元成股份","浙江","建筑工程","主板","20170324"
"3833","603389.SH","603389","亚振家居","江苏","家居用品","主板","20161215"
"3834","603390.SH","603390","通达电气","广东","汽车配件","主板","20191125"
"3835","603392.SH","603392","万泰生物","北京","医疗保健","主板","20200429"
"3836","603393.SH","603393","新天然气","新疆","供气供热","主板","20160912"
"3837","603396.SH","603396","金辰股份","辽宁","专用机械","主板","20171018"
"3838","603398.SH","603398","沐邦高科","江西","文教休闲","主板","20151209"
"3839","603399.SH","603399","吉翔股份","辽宁","小金属","主板","20120824"
"3840","603408.SH","603408","建霖家居","福建","家居用品","主板","20200730"
"3841","603416.SH","603416","信捷电气","江苏","电器仪表","主板","20161221"
"3842","603421.SH","603421","鼎信通讯","山东","通信设备","主板","20161011"
"3843","603429.SH","603429","集友股份","安徽","广告包装","主板","20170124"
"3844","603439.SH","603439","贵州三力","贵州","中成药","主板","20200428"
"3845","603444.SH","603444","吉比特","福建","互联网","主板","20170104"
"3846","603456.SH","603456","九洲药业","浙江","化学制药","主板","20141010"
"3847","603458.SH","603458","勘设股份","贵州","建筑工程","主板","20170809"
"3848","603466.SH","603466","风语筑","上海","文教休闲","主板","20171020"
"3849","603477.SH","603477","巨星农牧","四川","农业综合","主板","20171218"
"3850","603486.SH","603486","科沃斯","江苏","家用电器","主板","20180528"
"3851","603488.SH","603488","展鹏科技","江苏","电气设备","主板","20170516"
"3852","603489.SH","603489","八方股份","江苏","电气设备","主板","20191111"
"3853","603496.SH","603496","恒为科技","上海","IT设备","主板","20170607"
"3854","603499.SH","603499","翔港科技","上海","广告包装","主板","20171016"
"3855","603500.SH","603500","祥和实业","浙江","运输设备","主板","20170904"
"3856","603501.SH","603501","韦尔股份","上海","半导体","主板","20170504"
"3857","603505.SH","603505","金石资源","浙江","矿物制品","主板","20170503"
"3858","603506.SH","603506","南都物业","浙江","房产服务","主板","20180201"
"3859","603507.SH","603507","振江股份","江苏","电气设备","主板","20171106"
"3860","603508.SH","603508","思维列控","河南","软件服务","主板","20151224"
"3861","603511.SH","603511","爱慕股份","北京","服饰","主板","20210531"
"3862","603515.SH","603515","欧普照明","上海","电气设备","主板","20160819"
"3863","603516.SH","603516","淳中科技","北京","通信设备","主板","20180202"
"3864","603517.SH","603517","绝味食品","湖南","食品","主板","20170317"
"3865","603518.SH","603518","锦泓集团","江苏","服饰","主板","20141203"
"3866","603519.SH","603519","立霸股份","江苏","家用电器","主板","20150319"
"3867","603520.SH","603520","司太立","浙江","化学制药","主板","20160309"
"3868","603527.SH","603527","众源新材","安徽","铜","主板","20170907"
"3869","603528.SH","603528","多伦科技","江苏","软件服务","主板","20160503"
"3870","603529.SH","603529","爱玛科技","天津","摩托车","主板","20210615"
"3871","603530.SH","603530","神马电力","江苏","电气设备","主板","20190805"
"3872","603533.SH","603533","掌阅科技","北京","互联网","主板","20170921"
"3873","603535.SH","603535","嘉诚国际","广东","仓储物流","主板","20170808"
"3874","603536.SH","603536","惠发食品","山东","食品","主板","20170613"
"3875","603538.SH","603538","美诺华","浙江","化学制药","主板","20170407"
"3876","603551.SH","603551","奥普家居","浙江","家居用品","主板","20200115"
"3877","603555.SH","603555","ST贵人","福建","服饰","主板","20140124"
"3878","603556.SH","603556","海兴电力","浙江","电器仪表","主板","20161110"
"3879","603557.SH","603557","ST起步","浙江","服饰","主板","20170818"
"3880","603558.SH","603558","健盛集团","浙江","纺织","主板","20150127"
"3881","603559.SH","603559","中通国脉","吉林","通信设备","主板","20161202"
"3882","603565.SH","603565","中谷物流","上海","仓储物流","主板","20200925"
"3883","603566.SH","603566","普莱柯","河南","农业综合","主板","20150518"
"3884","603567.SH","603567","珍宝岛","黑龙江","中成药","主板","20150424"
"3885","603568.SH","603568","伟明环保","浙江","环境保护","主板","20150528"
"3886","603569.SH","603569","长久物流","北京","仓储物流","主板","20160810"
"3887","603577.SH","603577","汇金通","山东","电气设备","主板","20161222"
"3888","603578.SH","603578","三星新材","浙江","玻璃","主板","20170306"
"3889","603579.SH","603579","荣泰健康","上海","家用电器","主板","20170111"
"3890","603580.SH","603580","艾艾精工","上海","化工原料","主板","20170525"
"3891","603583.SH","603583","捷昌驱动","浙江","电气设备","主板","20180921"
"3892","603585.SH","603585","苏利股份","江苏","化工原料","主板","20161214"
"3893","603586.SH","603586","金麒麟","山东","汽车配件","主板","20170406"
"3894","603587.SH","603587","地素时尚","上海","服饰","主板","20180622"
"3895","603588.SH","603588","高能环境","北京","环境保护","主板","20141229"
"3896","603589.SH","603589","口子窖","安徽","白酒","主板","20150629"
"3897","603590.SH","603590","康辰药业","北京","化学制药","主板","20180827"
"3898","603595.SH","603595","东尼电子","浙江","元器件","主板","20170712"
"3899","603596.SH","603596","伯特利","安徽","汽车配件","主板","20180427"
"3900","603598.SH","603598","引力传媒","北京","影视音像","主板","20150527"
"3901","603599.SH","603599","广信股份","安徽","农药化肥","主板","20150513"
"3902","603600.SH","603600","永艺股份","浙江","家居用品","主板","20150123"
"3903","603601.SH","603601","再升科技","重庆","玻璃","主板","20150122"
"3904","603602.SH","603602","纵横通信","浙江","通信设备","主板","20170810"
"3905","603603.SH","603603","博天环境","北京","环境保护","主板","20170217"
"3906","603605.SH","603605","珀莱雅","浙江","日用化工","主板","20171115"
"3907","603606.SH","603606","东方电缆","浙江","电气设备","主板","20141015"
"3908","603607.SH","603607","京华激光","浙江","造纸","主板","20171025"
"3909","603608.SH","603608","天创时尚","广东","服饰","主板","20160218"
"3910","603609.SH","603609","禾丰股份","辽宁","饲料","主板","20140808"
"3911","603610.SH","603610","麒盛科技","浙江","家居用品","主板","20191029"
"3912","603611.SH","603611","诺力股份","浙江","运输设备","主板","20150128"
"3913","603612.SH","603612","索通发展","山东","矿物制品","主板","20170718"
"3914","603613.SH","603613","国联股份","北京","互联网","主板","20190730"
"3915","603615.SH","603615","茶花股份","福建","家居用品","主板","20170213"
"3916","603616.SH","603616","韩建河山","北京","其他建材","主板","20150611"
"3917","603617.SH","603617","君禾股份","浙江","专用机械","主板","20170703"
"3918","603618.SH","603618","杭电股份","浙江","电气设备","主板","20150217"
"3919","603619.SH","603619","中曼石油","上海","石油开采","主板","20171117"
"3920","603626.SH","603626","科森科技","江苏","元器件","主板","20170209"
"3921","603628.SH","603628","清源股份","福建","电气设备","主板","20170112"
"3922","603629.SH","603629","利通电子","江苏","元器件","主板","20181224"
"3923","603630.SH","603630","拉芳家化","广东","日用化工","主板","20170313"
"3924","603633.SH","603633","徕木股份","上海","元器件","主板","20161117"
"3925","603636.SH","603636","南威软件","福建","软件服务","主板","20141230"
"3926","603637.SH","603637","镇海股份","浙江","建筑工程","主板","20170208"
"3927","603638.SH","603638","艾迪精密","山东","专用机械","主板","20170120"
"3928","603639.SH","603639","海利尔","山东","农药化肥","主板","20170112"
"3929","603648.SH","603648","畅联股份","上海","仓储物流","主板","20170913"
"3930","603650.SH","603650","彤程新材","上海","化工原料","主板","20180627"
"3931","603655.SH","603655","朗博科技","江苏","汽车配件","主板","20171229"
"3932","603656.SH","603656","泰禾智能","安徽","专用机械","主板","20170321"
"3933","603657.SH","603657","春光科技","浙江","家用电器","主板","20180730"
"3934","603658.SH","603658","安图生物","河南","医疗保健","主板","20160901"
"3935","603659.SH","603659","璞泰来","上海","化工原料","主板","20171103"
"3936","603660.SH","603660","苏州科达","江苏","通信设备","主板","20161201"
"3937","603661.SH","603661","恒林股份","浙江","家居用品","主板","20171121"
"3938","603662.SH","603662","柯力传感","浙江","电器仪表","主板","20190806"
"3939","603663.SH","603663","三祥新材","福建","矿物制品","主板","20160801"
"3940","603665.SH","603665","康隆达","浙江","纺织","主板","20170313"
"3941","603666.SH","603666","亿嘉和","江苏","专用机械","主板","20180612"
"3942","603667.SH","603667","五洲新春","浙江","机械基件","主板","20161025"
"3943","603668.SH","603668","天马科技","福建","饲料","主板","20170117"
"3944","603669.SH","603669","灵康药业","西藏","化学制药","主板","20150528"
"3945","603676.SH","603676","卫信康","西藏","化学制药","主板","20170721"
"3946","603677.SH","603677","奇精机械","浙江","家用电器","主板","20170206"
"3947","603678.SH","603678","火炬电子","福建","元器件","主板","20150126"
"3948","603679.SH","603679","华体科技","四川","电气设备","主板","20170621"
"3949","603680.SH","603680","今创集团","江苏","运输设备","主板","20180227"
"3950","603681.SH","603681","永冠新材","上海","化工原料","主板","20190326"
"3951","603682.SH","603682","锦和商业","上海","房产服务","主板","20200421"
"3952","603683.SH","603683","晶华新材","上海","化工原料","主板","20171020"
"3953","603685.SH","603685","晨丰科技","浙江","电气设备","主板","20171127"
"3954","603686.SH","603686","福龙马","福建","环境保护","主板","20150126"
"3955","603687.SH","603687","大胜达","浙江","广告包装","主板","20190726"
"3956","603688.SH","603688","石英股份","江苏","矿物制品","主板","20141031"
"3957","603689.SH","603689","皖天然气","安徽","供气供热","主板","20170110"
"3958","603690.SH","603690","至纯科技","上海","半导体","主板","20170113"
"3959","603693.SH","603693","江苏新能","江苏","新型电力","主板","20180703"
"3960","603696.SH","603696","安记食品","福建","食品","主板","20151209"
"3961","603697.SH","603697","有友食品","重庆","食品","主板","20190508"
"3962","603698.SH","603698","航天工程","北京","专用机械","主板","20150128"
"3963","603699.SH","603699","纽威股份","江苏","专用机械","主板","20140117"
"3964","603700.SH","603700","宁水集团","浙江","电器仪表","主板","20190122"
"3965","603701.SH","603701","德宏股份","浙江","汽车配件","主板","20160412"
"3966","603703.SH","603703","盛洋科技","浙江","通信设备","主板","20150423"
"3967","603706.SH","603706","东方环宇","新疆","供气供热","主板","20180709"
"3968","603707.SH","603707","健友股份","江苏","化学制药","主板","20170719"
"3969","603708.SH","603708","家家悦","山东","超市连锁","主板","20161213"
"3970","603709.SH","603709","中源家居","浙江","家居用品","主板","20180208"
"3971","603711.SH","603711","香飘飘","浙江","软饮料","主板","20171130"
"3972","603712.SH","603712","七一二","天津","通信设备","主板","20180226"
"3973","603713.SH","603713","密尔克卫","上海","仓储物流","主板","20180713"
"3974","603716.SH","603716","塞力医疗","湖北","医药商业","主板","20161031"
"3975","603717.SH","603717","天域生态","重庆","环境保护","主板","20170327"
"3976","603718.SH","603718","海利生物","上海","农业综合","主板","20150515"
"3977","603719.SH","603719","良品铺子","湖北","食品","主板","20200224"
"3978","603721.SH","603721","中广天择","湖南","影视音像","主板","20170811"
"3979","603722.SH","603722","阿科力","江苏","化工原料","主板","20171025"
"3980","603725.SH","603725","天安新材","广东","塑料","主板","20170906"
"3981","603726.SH","603726","朗迪集团","浙江","家用电器","主板","20160421"
"3982","603727.SH","603727","博迈科","天津","石油开采","主板","20161122"
"3983","603728.SH","603728","鸣志电器","上海","电气设备","主板","20170509"
"3984","603729.SH","603729","ST龙韵","上海","广告包装","主板","20150324"
"3985","603730.SH","603730","岱美股份","上海","汽车配件","主板","20170728"
"3986","603733.SH","603733","仙鹤股份","浙江","造纸","主板","20180420"
"3987","603737.SH","603737","三棵树","福建","染料涂料","主板","20160603"
"3988","603738.SH","603738","泰晶科技","湖北","元器件","主板","20160928"
"3989","603739.SH","603739","蔚蓝生物","山东","农业综合","主板","20190116"
"3990","603755.SH","603755","日辰股份","山东","食品","主板","20190828"
"3991","603757.SH","603757","大元泵业","浙江","专用机械","主板","20170711"
"3992","603758.SH","603758","秦安股份","重庆","汽车配件","主板","20170517"
"3993","603759.SH","603759","海天股份","四川","水务","主板","20210326"
"3994","603766.SH","603766","隆鑫通用","重庆","摩托车","主板","20120810"
"3995","603767.SH","603767","中马传动","浙江","汽车配件","主板","20170613"
"3996","603768.SH","603768","常青股份","安徽","汽车配件","主板","20170324"
"3997","603773.SH","603773","沃格光电","江西","元器件","主板","20180417"
"3998","603776.SH","603776","永安行","江苏","公共交通","主板","20170817"
"3999","603777.SH","603777","来伊份","上海","食品","主板","20161012"
"4000","603778.SH","603778","乾景园林","北京","建筑工程","主板","20151231"
"4001","603779.SH","603779","威龙股份","山东","红黄酒","主板","20160516"
"4002","603786.SH","603786","科博达","上海","汽车配件","主板","20191015"
"4003","603787.SH","603787","新日股份","江苏","摩托车","主板","20170427"
"4004","603788.SH","603788","宁波高发","浙江","汽车配件","主板","20150120"
"4005","603789.SH","603789","星光农机","浙江","农用机械","主板","20150427"
"4006","603790.SH","603790","雅运股份","上海","染料涂料","主板","20180912"
"4007","603797.SH","603797","联泰环保","广东","环境保护","主板","20170413"
"4008","603798.SH","603798","康普顿","山东","石油加工","主板","20160406"
"4009","603799.SH","603799","华友钴业","浙江","小金属","主板","20150129"
"4010","603800.SH","603800","道森股份","江苏","专用机械","主板","20151210"
"4011","603801.SH","603801","志邦家居","安徽","家居用品","主板","20170630"
"4012","603803.SH","603803","瑞斯康达","北京","通信设备","主板","20170420"
"4013","603806.SH","603806","福斯特","浙江","塑料","主板","20140905"
"4014","603808.SH","603808","歌力思","深圳","服饰","主板","20150422"
"4015","603809.SH","603809","豪能股份","四川","汽车配件","主板","20171128"
"4016","603810.SH","603810","丰山集团","江苏","农药化肥","主板","20180917"
"4017","603811.SH","603811","诚意药业","浙江","化学制药","主板","20170315"
"4018","603813.SH","603813","原尚股份","广东","仓储物流","主板","20170918"
"4019","603815.SH","603815","交建股份","安徽","建筑工程","主板","20191021"
"4020","603816.SH","603816","顾家家居","浙江","家居用品","主板","20161014"
"4021","603817.SH","603817","海峡环保","福建","环境保护","主板","20170220"
"4022","603818.SH","603818","曲美家居","北京","家居用品","主板","20150422"
"4023","603819.SH","603819","神力股份","江苏","电气设备","主板","20161125"
"4024","603822.SH","603822","嘉澳环保","浙江","环境保护","主板","20160428"
"4025","603823.SH","603823","百合花","浙江","染料涂料","主板","20161220"
"4026","603825.SH","603825","华扬联众","北京","互联网","主板","20170802"
"4027","603826.SH","603826","坤彩科技","福建","染料涂料","主板","20170414"
"4028","603828.SH","603828","柯利达","江苏","装修装饰","主板","20150226"
"4029","603829.SH","603829","洛凯股份","江苏","电气设备","主板","20171017"
"4030","603833.SH","603833","欧派家居","广东","家居用品","主板","20170328"
"4031","603836.SH","603836","海程邦达","山东","仓储物流","主板","20210526"
"4032","603838.SH","603838","四通股份","广东","陶瓷","主板","20150701"
"4033","603839.SH","603839","安正时尚","浙江","服饰","主板","20170214"
"4034","603843.SH","603843","正平股份","青海","建筑工程","主板","20160905"
"4035","603848.SH","603848","好太太","广东","家居用品","主板","20171201"
"4036","603855.SH","603855","华荣股份","上海","专用机械","主板","20170524"
"4037","603856.SH","603856","东宏股份","山东","塑料","主板","20171106"
"4038","603858.SH","603858","步长制药","山东","中成药","主板","20161118"
"4039","603859.SH","603859","能科科技","北京","软件服务","主板","20161021"
"4040","603860.SH","603860","中公高科","北京","建筑工程","主板","20170802"
"4041","603861.SH","603861","白云电器","广东","电气设备","主板","20160322"
"4042","603863.SH","603863","ST松炀","广东","造纸","主板","20190621"
"4043","603866.SH","603866","桃李面包","辽宁","食品","主板","20151222"
"4044","603867.SH","603867","新化股份","浙江","化工原料","主板","20190627"
"4045","603868.SH","603868","飞科电器","上海","家用电器","主板","20160418"
"4046","603869.SH","603869","新智认知","广西","软件服务","主板","20150326"
"4047","603871.SH","603871","嘉友国际","北京","仓储物流","主板","20180206"
"4048","603876.SH","603876","鼎胜新材","江苏","铝","主板","20180418"
"4049","603877.SH","603877","太平鸟","浙江","服饰","主板","20170109"
"4050","603878.SH","603878","武进不锈","江苏","钢加工","主板","20161219"
"4051","603879.SH","603879","永悦科技","福建","化工原料","主板","20170614"
"4052","603880.SH","603880","南卫股份","江苏","医疗保健","主板","20170807"
"4053","603881.SH","603881","数据港","上海","电信运营","主板","20170208"
"4054","603882.SH","603882","金域医学","广东","医疗保健","主板","20170908"
"4055","603883.SH","603883","老百姓","湖南","医药商业","主板","20150423"
"4056","603885.SH","603885","吉祥航空","上海","空运","主板","20150527"
"4057","603886.SH","603886","元祖股份","上海","食品","主板","20161228"
"4058","603887.SH","603887","城地香江","上海","软件服务","主板","20161010"
"4059","603888.SH","603888","新华网","北京","互联网","主板","20161028"
"4060","603889.SH","603889","新澳股份","浙江","纺织","主板","20141231"
"4061","603890.SH","603890","春秋电子","江苏","元器件","主板","20171212"
"4062","603893.SH","603893","瑞芯微","福建","半导体","主板","20200207"
"4063","603895.SH","603895","天永智能","上海","专用机械","主板","20180122"
"4064","603896.SH","603896","寿仙谷","浙江","中成药","主板","20170510"
"4065","603897.SH","603897","长城科技","浙江","电气设备","主板","20180410"
"4066","603898.SH","603898","好莱客","广东","家居用品","主板","20150217"
"4067","603899.SH","603899","晨光文具","上海","文教休闲","主板","20150127"
"4068","603900.SH","603900","莱绅通灵","江苏","服饰","主板","20161123"
"4069","603901.SH","603901","永创智能","浙江","专用机械","主板","20150529"
"4070","603903.SH","603903","中持股份","北京","环境保护","主板","20170314"
"4071","603906.SH","603906","龙蟠科技","江苏","化工原料","主板","20170410"
"4072","603908.SH","603908","牧高笛","浙江","纺织","主板","20170307"
"4073","603909.SH","603909","合诚股份","福建","建筑工程","主板","20160628"
"4074","603912.SH","603912","佳力图","江苏","专用机械","主板","20171101"
"4075","603915.SH","603915","国茂股份","江苏","机械基件","主板","20190614"
"4076","603916.SH","603916","苏博特","江苏","化工原料","主板","20171110"
"4077","603917.SH","603917","合力科技","浙江","汽车配件","主板","20171204"
"4078","603918.SH","603918","金桥信息","上海","软件服务","主板","20150528"
"4079","603919.SH","603919","金徽酒","甘肃","白酒","主板","20160310"
"4080","603920.SH","603920","世运电路","广东","元器件","主板","20170426"
"4081","603922.SH","603922","金鸿顺","江苏","汽车配件","主板","20171023"
"4082","603926.SH","603926","铁流股份","浙江","汽车配件","主板","20170510"
"4083","603927.SH","603927","中科软","北京","软件服务","主板","20190909"
"4084","603928.SH","603928","兴业股份","江苏","化工原料","主板","20161212"
"4085","603929.SH","603929","亚翔集成","江苏","装修装饰","主板","20161230"
"4086","603931.SH","603931","格林达","浙江","化工原料","主板","20200819"
"4087","603933.SH","603933","睿能科技","福建","商贸代理","主板","20170706"
"4088","603936.SH","603936","博敏电子","广东","元器件","主板","20151209"
"4089","603937.SH","603937","丽岛新材","江苏","铝","主板","20171102"
"4090","603938.SH","603938","三孚股份","河北","化工原料","主板","20170628"
"4091","603939.SH","603939","益丰药房","湖南","医药商业","主板","20150217"
"4092","603948.SH","603948","建业股份","浙江","化工原料","主板","20200302"
"4093","603949.SH","603949","雪龙集团","浙江","汽车配件","主板","20200310"
"4094","603950.SH","603950","长源东谷","湖北","汽车配件","主板","20200526"
"4095","603955.SH","603955","大千生态","江苏","环境保护","主板","20170310"
"4096","603956.SH","603956","威派格","上海","专用机械","主板","20190222"
"4097","603958.SH","603958","哈森股份","江苏","服饰","主板","20160629"
"4098","603959.SH","603959","百利科技","湖南","建筑工程","主板","20160517"
"4099","603960.SH","603960","克来机电","上海","汽车配件","主板","20170314"
"4100","603963.SH","603963","大理药业","云南","化学制药","主板","20170922"
"4101","603966.SH","603966","法兰泰克","江苏","机械基件","主板","20170125"
"4102","603967.SH","603967","中创物流","山东","仓储物流","主板","20190429"
"4103","603968.SH","603968","醋化股份","江苏","化工原料","主板","20150518"
"4104","603969.SH","603969","银龙股份","天津","其他建材","主板","20150227"
"4105","603970.SH","603970","中农立华","北京","农药化肥","主板","20171116"
"4106","603976.SH","603976","正川股份","重庆","医疗保健","主板","20170822"
"4107","603977.SH","603977","国泰集团","江西","化工原料","主板","20161111"
"4108","603978.SH","603978","深圳新星","深圳","铝","主板","20170807"
"4109","603979.SH","603979","金诚信","北京","建筑工程","主板","20150630"
"4110","603980.SH","603980","吉华集团","浙江","染料涂料","主板","20170615"
"4111","603982.SH","603982","泉峰汽车","江苏","汽车配件","主板","20190522"
"4112","603983.SH","603983","丸美股份","广东","日用化工","主板","20190725"
"4113","603985.SH","603985","恒润股份","江苏","机械基件","主板","20170505"
"4114","603986.SH","603986","兆易创新","北京","半导体","主板","20160818"
"4115","603987.SH","603987","康德莱","上海","医疗保健","主板","20161121"
"4116","603988.SH","603988","中电电机","江苏","电气设备","主板","20141104"
"4117","603989.SH","603989","艾华集团","湖南","元器件","主板","20150515"
"4118","603990.SH","603990","麦迪科技","江苏","软件服务","主板","20161208"
"4119","603991.SH","603991","至正股份","深圳","塑料","主板","20170308"
"4120","603992.SH","603992","松霖科技","福建","家居用品","主板","20190826"
"4121","603993.SH","603993","洛阳钼业","河南","小金属","主板","20121009"
"4122","603995.SH","603995","甬金股份","浙江","特种钢","主板","20191224"
"4123","603996.SH","603996","*ST中新","浙江","家用电器","主板","20151222"
"4124","603997.SH","603997","继峰股份","浙江","汽车配件","主板","20150302"
"4125","603998.SH","603998","方盛制药","湖南","中成药","主板","20141205"
"4126","603999.SH","603999","读者传媒","甘肃","出版业","主板","20151210"
"4127","605001.SH","605001","威奥股份","山东","运输设备","主板","20200522"
"4128","605003.SH","605003","众望布艺","浙江","纺织","主板","20200908"
"4129","605005.SH","605005","合兴股份","浙江","汽车配件","主板","20210119"
"4130","605006.SH","605006","山东玻纤","山东","玻璃","主板","20200903"
"4131","605007.SH","605007","五洲特纸","浙江","造纸","主板","20201110"
"4132","605008.SH","605008","长鸿高科","浙江","塑料","主板","20200821"
"4133","605009.SH","605009","豪悦护理","浙江","造纸","主板","20200911"
"4134","605011.SH","605011","杭州热电","浙江","供气供热","主板","20210630"
"4135","605016.SH","605016","百龙创园","山东","食品","主板","20210421"
"4136","605018.SH","605018","长华股份","浙江","汽车配件","主板","20200929"
"4137","605020.SH","605020","永和股份","浙江","化工原料","主板","20210709"
"4138","605028.SH","605028","世茂能源","浙江","供气供热","主板","20210712"
"4139","605033.SH","605033","美邦股份","陕西","农药化肥","主板","20210916"
"4140","605050.SH","605050","福然德","上海","仓储物流","主板","20200924"
"4141","605055.SH","605055","迎丰股份","浙江","纺织","主板","20210129"
"4142","605056.SH","605056","咸亨国际","浙江","电器仪表","主板","20210720"
"4143","605058.SH","605058","澳弘电子","江苏","元器件","主板","20201021"
"4144","605060.SH","605060","联德股份","浙江","机械基件","主板","20210301"
"4145","605066.SH","605066","天正电气","浙江","电气设备","主板","20200807"
"4146","605068.SH","605068","明新旭腾","浙江","汽车配件","主板","20201123"
"4147","605069.SH","605069","正和生态","北京","环境保护","主板","20210816"
"4148","605077.SH","605077","华康股份","浙江","食品","主板","20210209"
"4149","605080.SH","605080","浙江自然","浙江","纺织","主板","20210506"
"4150","605081.SH","605081","太和水","上海","环境保护","主板","20210209"
"4151","605086.SH","605086","龙高股份","福建","矿物制品","主板","20210416"
"4152","605088.SH","605088","冠盛股份","浙江","汽车配件","主板","20200817"
"4153","605089.SH","605089","味知香","江苏","食品","主板","20210427"
"4154","605090.SH","605090","九丰能源","江西","供气供热","主板","20210525"
"4155","605098.SH","605098","行动教育","上海","文教休闲","主板","20210421"
"4156","605099.SH","605099","共创草坪","江苏","文教休闲","主板","20200930"
"4157","605100.SH","605100","华丰股份","山东","机械基件","主板","20200811"
"4158","605108.SH","605108","同庆楼","安徽","酒店餐饮","主板","20200716"
"4159","605111.SH","605111","新洁能","江苏","半导体","主板","20200928"
"4160","605116.SH","605116","奥锐特","浙江","化学制药","主板","20200921"
"4161","605117.SH","605117","德业股份","浙江","家用电器","主板","20210420"
"4162","605118.SH","605118","力鼎光电","福建","元器件","主板","20200730"
"4163","605122.SH","605122","四方新材","重庆","水泥","主板","20210310"
"4164","605123.SH","605123","派克新材","江苏","航空","主板","20200825"
"4165","605128.SH","605128","上海沿浦","上海","汽车配件","主板","20200915"
"4166","605133.SH","605133","嵘泰股份","江苏","汽车配件","主板","20210224"
"4167","605136.SH","605136","丽人丽妆","上海","其他商业","主板","20200929"
"4168","605138.SH","605138","盛泰集团","浙江","服饰","主板","20211027"
"4169","605151.SH","605151","西上海","上海","汽车配件","主板","20201215"
"4170","605155.SH","605155","西大门","浙江","家居用品","主板","20201231"
"4171","605158.SH","605158","华达新材","浙江","钢加工","主板","20200805"
"4172","605162.SH","605162","新中港","浙江","供气供热","主板","20210707"
"4173","605166.SH","605166","聚合顺","浙江","化工原料","主板","20200618"
"4174","605167.SH","605167","利柏特","江苏","专用机械","主板","20210726"
"4175","605168.SH","605168","三人行","陕西","互联网","主板","20200528"
"4176","605169.SH","605169","洪通燃气","新疆","供气供热","主板","20201030"
"4177","605177.SH","605177","东亚药业","浙江","化学制药","主板","20201125"
"4178","605178.SH","605178","时空科技","北京","装修装饰","主板","20200821"
"4179","605179.SH","605179","一鸣食品","浙江","乳制品","主板","20201228"
"4180","605180.SH","605180","华生科技","浙江","纺织","主板","20210430"
"4181","605183.SH","605183","确成股份","江苏","化工原料","主板","20201207"
"4182","605186.SH","605186","健麾信息","上海","医疗保健","主板","20201222"
"4183","605188.SH","605188","国光连锁","江西","超市连锁","主板","20200728"
"4184","605189.SH","605189","富春染织","安徽","纺织","主板","20210528"
"4185","605196.SH","605196","华通线缆","河北","电气设备","主板","20210511"
"4186","605198.SH","605198","德利股份","山东","软饮料","主板","20200918"
"4187","605199.SH","605199","葫芦娃","海南","中成药","主板","20200710"
"4188","605208.SH","605208","永茂泰","上海","铝","主板","20210308"
"4189","605218.SH","605218","伟时电子","江苏","元器件","主板","20200928"
"4190","605222.SH","605222","起帆电缆","上海","电气设备","主板","20200731"
"4191","605228.SH","605228","神通科技","浙江","汽车配件","主板","20210120"
"4192","605255.SH","605255","天普股份","浙江","汽车配件","主板","20200825"
"4193","605258.SH","605258","协和电子","江苏","元器件","主板","20201203"
"4194","605259.SH","605259","绿田机械","浙江","农用机械","主板","20210615"
"4195","605266.SH","605266","健之佳","云南","医药商业","主板","20201201"
"4196","605268.SH","605268","王力安防","浙江","家居用品","主板","20210224"
"4197","605277.SH","605277","新亚电子","浙江","电气设备","主板","20210106"
"4198","605286.SH","605286","同力日升","江苏","运输设备","主板","20210322"
"4199","605287.SH","605287","德才股份","山东","装修装饰","主板","20210706"
"4200","605288.SH","605288","凯迪股份","江苏","电气设备","主板","20200601"
"4201","605289.SH","605289","罗曼股份","上海","建筑工程","主板","20210426"
"4202","605296.SH","605296","神农集团","云南","农业综合","主板","20210528"
"4203","605298.SH","605298","必得科技","江苏","运输设备","主板","20210301"
"4204","605299.SH","605299","舒华体育","福建","文教休闲","主板","20201215"
"4205","605300.SH","605300","佳禾食品","江苏","食品","主板","20210430"
"4206","605303.SH","605303","园林股份","浙江","建筑工程","主板","20210301"
"4207","605305.SH","605305","中际联合","北京","专用机械","主板","20210506"
"4208","605318.SH","605318","法狮龙","浙江","装修装饰","主板","20200803"
"4209","605319.SH","605319","无锡振华","江苏","汽车配件","主板","20210607"
"4210","605333.SH","605333","沪光股份","江苏","汽车配件","主板","20200818"
"4211","605336.SH","605336","帅丰电器","浙江","家用电器","主板","20201019"
"4212","605337.SH","605337","李子园","浙江","乳制品","主板","20210208"
"4213","605338.SH","605338","巴比食品","上海","食品","主板","20201012"
"4214","605339.SH","605339","南侨食品","上海","食品","主板","20210518"
"4215","605358.SH","605358","立昂微","浙江","半导体","主板","20200911"
"4216","605365.SH","605365","立达信","福建","家用电器","主板","20210720"
"4217","605366.SH","605366","宏柏新材","江西","化工原料","主板","20200812"
"4218","605368.SH","605368","蓝天燃气","河南","供气供热","主板","20210129"
"4219","605369.SH","605369","拱东医疗","浙江","医疗保健","主板","20200916"
"4220","605376.SH","605376","博迁新材","江苏","小金属","主板","20201208"
"4221","605377.SH","605377","华旺科技","浙江","造纸","主板","20201228"
"4222","605378.SH","605378","野马电池","浙江","电气设备","主板","20210412"
"4223","605388.SH","605388","均瑶健康","湖北","软饮料","主板","20200818"
"4224","605389.SH","605389","长龄液压","江苏","机械基件","主板","20210322"
"4225","605398.SH","605398","新炬网络","上海","软件服务","主板","20210121"
"4226","605399.SH","605399","晨光新材","江西","化工原料","主板","20200804"
"4227","605488.SH","605488","福莱新材","浙江","塑料","主板","20210513"
"4228","605499.SH","605499","东鹏饮料","深圳","软饮料","主板","20210527"
"4229","605500.SH","605500","森林包装","浙江","造纸","主板","20201222"
"4230","605507.SH","605507","国邦医药","浙江","化学制药","主板","20210802"
"4231","605555.SH","605555","德昌股份","浙江","家用电器","主板","20211021"
"4232","605566.SH","605566","福莱蒽特","浙江","染料涂料","主板","20211025"
"4233","605567.SH","605567","春雪食品","山东","食品","主板","20211013"
"4234","605577.SH","605577","龙版传媒","黑龙江","出版业","主板","20210824"
"4235","605580.SH","605580","恒盛能源","浙江","供气供热","主板","20210819"
"4236","605588.SH","605588","冠石科技","江苏","半导体","主板","20210812"
"4237","605589.SH","605589","圣泉集团","山东","化工原料","主板","20210810"
"4238","605598.SH","605598","上海港湾","上海","建筑工程","主板","20210917"
"4239","605599.SH","605599","菜百股份","北京","黄金","主板","20210909"
"4240","688001.SH","688001","华兴源创","江苏","专用机械","科创板","20190722"
"4241","688002.SH","688002","睿创微纳","山东","通信设备","科创板","20190722"
"4242","688003.SH","688003","天准科技","江苏","专用机械","科创板","20190722"
"4243","688004.SH","688004","博汇科技","北京","软件服务","科创板","20200612"
"4244","688005.SH","688005","容百科技","浙江","电气设备","科创板","20190722"
"4245","688006.SH","688006","杭可科技","浙江","电气设备","科创板","20190722"
"4246","688007.SH","688007","光峰科技","深圳","元器件","科创板","20190722"
"4247","688008.SH","688008","澜起科技","上海","半导体","科创板","20190722"
"4248","688009.SH","688009","中国通号","北京","运输设备","科创板","20190722"
"4249","688010.SH","688010","福光股份","福建","电器仪表","科创板","20190722"
"4250","688011.SH","688011","新光光电","黑龙江","元器件","科创板","20190722"
"4251","688012.SH","688012","中微公司","上海","专用机械","科创板","20190722"
"4252","688013.SH","688013","天臣医疗","江苏","医疗保健","科创板","20200928"
"4253","688015.SH","688015","交控科技","北京","运输设备","科创板","20190722"
"4254","688016.SH","688016","心脉医疗","上海","医疗保健","科创板","20190722"
"4255","688017.SH","688017","绿的谐波","江苏","机械基件","科创板","20200828"
"4256","688018.SH","688018","乐鑫科技","上海","半导体","科创板","20190722"
"4257","688019.SH","688019","安集科技","上海","半导体","科创板","20190722"
"4258","688020.SH","688020","方邦股份","广东","元器件","科创板","20190722"
"4259","688021.SH","688021","奥福环保","山东","环境保护","科创板","20191106"
"4260","688022.SH","688022","瀚川智能","江苏","专用机械","科创板","20190722"
"4261","688023.SH","688023","安恒信息","浙江","软件服务","科创板","20191105"
"4262","688025.SH","688025","杰普特","深圳","元器件","科创板","20191031"
"4263","688026.SH","688026","洁特生物","广东","塑料","科创板","20200122"
"4264","688027.SH","688027","国盾量子","安徽","通信设备","科创板","20200709"
"4265","688028.SH","688028","沃尔德","北京","专用机械","科创板","20190722"
"4266","688029.SH","688029","南微医学","江苏","医疗保健","科创板","20190722"
"4267","688030.SH","688030","山石网科","江苏","软件服务","科创板","20190930"
"4268","688032.SH","688032","禾迈股份","浙江","电气设备","科创板","20211220"
"4269","688033.SH","688033","天宜上佳","北京","运输设备","科创板","20190722"
"4270","688036.SH","688036","传音控股","深圳","通信设备","科创板","20190930"
"4271","688037.SH","688037","芯源微","辽宁","半导体","科创板","20191216"
"4272","688038.SH","688038","中科通达","湖北","软件服务","科创板","20210713"
"4273","688039.SH","688039","当虹科技","浙江","软件服务","科创板","20191211"
"4274","688049.SH","688049","炬芯科技-U","广东","半导体","科创板","20211129"
"4275","688050.SH","688050","爱博医疗","北京","医疗保健","科创板","20200729"
"4276","688051.SH","688051","佳华科技","北京","软件服务","科创板","20200320"
"4277","688055.SH","688055","龙腾光电","江苏","元器件","科创板","20200817"
"4278","688056.SH","688056","莱伯泰科","北京","电器仪表","科创板","20200902"
"4279","688057.SH","688057","金达莱","江西","环境保护","科创板","20201111"
"4280","688058.SH","688058","宝兰德","北京","软件服务","科创板","20191101"
"4281","688059.SH","688059","华锐精密","湖南","机械基件","科创板","20210208"
"4282","688060.SH","688060","云涌科技","江苏","软件服务","科创板","20200710"
"4283","688063.SH","688063","派能科技","上海","电气设备","科创板","20201230"
"4284","688065.SH","688065","凯赛生物","上海","化纤","科创板","20200812"
"4285","688066.SH","688066","航天宏图","北京","软件服务","科创板","20190722"
"4286","688067.SH","688067","爱威科技","湖南","医疗保健","科创板","20210616"
"4287","688068.SH","688068","热景生物","北京","医疗保健","科创板","20190930"
"4288","688069.SH","688069","德林海","江苏","环境保护","科创板","20200722"
"4289","688070.SH","688070","纵横股份","四川","航空","科创板","20210210"
"4290","688071.SH","688071","华依科技","上海","专用机械","科创板","20210729"
"4291","688075.SH","688075","安旭生物","浙江","医疗保健","科创板","20211118"
"4292","688076.SH","688076","诺泰生物","江苏","生物制药","科创板","20210520"
"4293","688077.SH","688077","大地熊","安徽","元器件","科创板","20200722"
"4294","688078.SH","688078","龙软科技","北京","软件服务","科创板","20191230"
"4295","688079.SH","688079","美迪凯","浙江","半导体","科创板","20210302"
"4296","688080.SH","688080","映翰通","北京","通信设备","科创板","20200212"
"4297","688081.SH","688081","兴图新科","湖北","软件服务","科创板","20200106"
"4298","688082.SH","688082","盛美上海","上海","半导体","科创板","20211118"
"4299","688083.SH","688083","中望软件","广东","软件服务","科创板","20210311"
"4300","688085.SH","688085","三友医疗","上海","医疗保健","科创板","20200409"
"4301","688086.SH","688086","紫晶存储","广东","IT设备","科创板","20200226"
"4302","688087.SH","688087","英科再生","山东","环境保护","科创板","20210709"
"4303","688088.SH","688088","虹软科技","浙江","软件服务","科创板","20190722"
"4304","688089.SH","688089","嘉必优","湖北","食品","科创板","20191219"
"4305","688090.SH","688090","瑞松科技","广东","专用机械","科创板","20200217"
"4306","688091.SH","688091","上海谊众-U","上海","化学制药","科创板","20210909"
"4307","688092.SH","688092","爱科科技","浙江","专用机械","科创板","20210319"
"4308","688093.SH","688093","世华科技","江苏","化工原料","科创板","20200930"
"4309","688095.SH","688095","福昕软件","福建","软件服务","科创板","20200908"
"4310","688096.SH","688096","京源环保","江苏","环境保护","科创板","20200409"
"4311","688097.SH","688097","博众精工","江苏","专用机械","科创板","20210512"
"4312","688098.SH","688098","申联生物","上海","农业综合","科创板","20191028"
"4313","688099.SH","688099","晶晨股份","上海","半导体","科创板","20190808"
"4314","688100.SH","688100","威胜信息","湖南","通信设备","科创板","20200121"
"4315","688101.SH","688101","三达膜","陕西","环境保护","科创板","20191115"
"4316","688103.SH","688103","国力股份","江苏","电气设备","科创板","20210910"
"4317","688105.SH","688105","诺唯赞","江苏","医疗保健","科创板","20211115"
"4318","688106.SH","688106","金宏气体","江苏","化工原料","科创板","20200616"
"4319","688107.SH","688107","安路科技-U","上海","半导体","科创板","20211112"
"4320","688108.SH","688108","赛诺医疗","天津","医疗保健","科创板","20191030"
"4321","688109.SH","688109","品茗股份","浙江","软件服务","科创板","20210330"
"4322","688110.SH","688110","东芯股份","上海","半导体","科创板","20211210"
"4323","688111.SH","688111","金山办公","北京","软件服务","科创板","20191118"
"4324","688112.SH","688112","鼎阳科技","深圳","电器仪表","科创板","20211201"
"4325","688113.SH","688113","联测科技","江苏","专用机械","科创板","20210506"
"4326","688116.SH","688116","天奈科技","江苏","化工原料","科创板","20190925"
"4327","688117.SH","688117","圣诺生物","四川","生物制药","科创板","20210603"
"4328","688118.SH","688118","普元信息","上海","软件服务","科创板","20191204"
"4329","688121.SH","688121","卓然股份","上海","专用机械","科创板","20210906"
"4330","688122.SH","688122","西部超导","陕西","小金属","科创板","20190722"
"4331","688123.SH","688123","聚辰股份","上海","半导体","科创板","20191223"
"4332","688126.SH","688126","沪硅产业-U","上海","半导体","科创板","20200420"
"4333","688127.SH","688127","蓝特光学","浙江","元器件","科创板","20200921"
"4334","688128.SH","688128","中国电研","广东","专用机械","科创板","20191105"
"4335","688129.SH","688129","东来技术","上海","染料涂料","科创板","20201023"
"4336","688131.SH","688131","皓元医药","上海","化学制药","科创板","20210608"
"4337","688133.SH","688133","泰坦科技","上海","化工原料","科创板","20201030"
"4338","688135.SH","688135","利扬芯片","广东","半导体","科创板","20201111"
"4339","688136.SH","688136","科兴制药","山东","生物制药","科创板","20201214"
"4340","688138.SH","688138","清溢光电","深圳","元器件","科创板","20191120"
"4341","688139.SH","688139","海尔生物","山东","医疗保健","科创板","20191025"
"4342","688148.SH","688148","芳源股份","广东","电气设备","科创板","20210806"
"4343","688151.SH","688151","华强科技","湖北","专用机械","科创板","20211206"
"4344","688155.SH","688155","先惠技术","上海","专用机械","科创板","20200811"
"4345","688156.SH","688156","路德环境","湖北","环境保护","科创板","20200922"
"4346","688157.SH","688157","松井股份","湖南","染料涂料","科创板","20200609"
"4347","688158.SH","688158","优刻得-W","上海","互联网","科创板","20200120"
"4348","688159.SH","688159","有方科技","深圳","通信设备","科创板","20200123"
"4349","688160.SH","688160","步科股份","上海","电器仪表","科创板","20201112"
"4350","688161.SH","688161","威高骨科","山东","医疗保健","科创板","20210630"
"4351","688162.SH","688162","巨一科技","安徽","专用机械","科创板","20211110"
"4352","688165.SH","688165","埃夫特-U","安徽","专用机械","科创板","20200715"
"4353","688166.SH","688166","博瑞医药","江苏","化学制药","科创板","20191108"
"4354","688167.SH","688167","炬光科技","陕西","半导体","科创板","20211224"
"4355","688168.SH","688168","安博通","北京","软件服务","科创板","20190906"
"4356","688169.SH","688169","石头科技","北京","家用电器","科创板","20200221"
"4357","688176.SH","688176","亚虹医药-U","江苏","化学制药","科创板","20220107"
"4358","688177.SH","688177","百奥泰-U","广东","生物制药","科创板","20200221"
"4359","688178.SH","688178","万德斯","江苏","环境保护","科创板","20200114"
"4360","688179.SH","688179","阿拉丁","上海","化学制药","科创板","20201026"
"4361","688180.SH","688180","君实生物-U","上海","生物制药","科创板","20200715"
"4362","688181.SH","688181","八亿时空","北京","半导体","科创板","20200106"
"4363","688182.SH","688182","灿勤科技","江苏","通信设备","科创板","20211116"
"4364","688183.SH","688183","生益电子","广东","元器件","科创板","20210225"
"4365","688185.SH","688185","康希诺-U","天津","生物制药","科创板","20200813"
"4366","688186.SH","688186","广大特材","江苏","特种钢","科创板","20200211"
"4367","688187.SH","688187","时代电气","湖南","运输设备","科创板","20210907"
"4368","688188.SH","688188","柏楚电子","上海","软件服务","科创板","20190808"
"4369","688189.SH","688189","南新制药","湖南","化学制药","科创板","20200326"
"4370","688190.SH","688190","云路股份","山东","矿物制品","科创板","20211126"
"4371","688191.SH","688191","智洋创新","山东","软件服务","科创板","20210408"
"4372","688192.SH","688192","迪哲医药-U","江苏","化学制药","科创板","20211210"
"4373","688195.SH","688195","腾景科技","福建","元器件","科创板","20210326"
"4374","688196.SH","688196","卓越新能","福建","环境保护","科创板","20191121"
"4375","688198.SH","688198","佰仁医疗","北京","医疗保健","科创板","20191209"
"4376","688199.SH","688199","久日新材","天津","化工原料","科创板","20191105"
"4377","688200.SH","688200","华峰测控","北京","专用机械","科创板","20200218"
"4378","688201.SH","688201","信安世纪","北京","通信设备","科创板","20210421"
"4379","688202.SH","688202","美迪西","上海","医疗保健","科创板","20191105"
"4380","688206.SH","688206","概伦电子","上海","半导体","科创板","20211228"
"4381","688208.SH","688208","道通科技","深圳","汽车配件","科创板","20200213"
"4382","688210.SH","688210","统联精密","深圳","元器件","科创板","20211227"
"4383","688211.SH","688211","中科微至","江苏","专用机械","科创板","20211026"
"4384","688212.SH","688212","澳华内镜","上海","医疗保健","科创板","20211115"
"4385","688215.SH","688215","瑞晟智能","浙江","专用机械","科创板","20200828"
"4386","688216.SH","688216","气派科技","深圳","半导体","科创板","20210623"
"4387","688217.SH","688217","睿昂基因","上海","医疗保健","科创板","20210517"
"4388","688218.SH","688218","江苏北人","江苏","专用机械","科创板","20191211"
"4389","688219.SH","688219","会通股份","安徽","塑料","科创板","20201118"
"4390","688220.SH","688220","N翱捷-U","上海","半导体","科创板","20220114"
"4391","688221.SH","688221","前沿生物-U","江苏","生物制药","科创板","20201028"
"4392","688222.SH","688222","成都先导","四川","化学制药","科创板","20200416"
"4393","688226.SH","688226","威腾电气","江苏","电气设备","科创板","20210707"
"4394","688227.SH","688227","品高股份","广东","软件服务","科创板","20211230"
"4395","688228.SH","688228","开普云","广东","互联网","科创板","20200327"
"4396","688229.SH","688229","博睿数据","北京","软件服务","科创板","20200817"
"4397","688230.SH","688230","芯导科技","上海","半导体","科创板","20211201"
"4398","688232.SH","688232","新点软件","江苏","软件服务","科创板","20211117"
"4399","688233.SH","688233","神工股份","辽宁","化工原料","科创板","20200221"
"4400","688234.SH","688234","天岳先进-U","山东","半导体","科创板","20220112"
"4401","688235.SH","688235","百济神州-U","北京","生物制药","科创板","20211215"
"4402","688236.SH","688236","春立医疗","北京","医疗保健","科创板","20211230"
"4403","688239.SH","688239","航宇科技","贵州","航空","科创板","20210705"
"4404","688246.SH","688246","嘉和美康","北京","软件服务","科创板","20211214"
"4405","688248.SH","688248","南网科技","广东","电气设备","科创板","20211222"
"4406","688255.SH","688255","凯尔达","浙江","机械基件","科创板","20211025"
"4407","688256.SH","688256","寒武纪-U","北京","元器件","科创板","20200720"
"4408","688257.SH","688257","新锐股份","江苏","小金属","科创板","20211027"
"4409","688258.SH","688258","卓易信息","江苏","软件服务","科创板","20191209"
"4410","688259.SH","688259","创耀科技","江苏","半导体","科创板","20220112"
"4411","688260.SH","688260","昀冢科技","江苏","元器件","科创板","20210406"
"4412","688262.SH","688262","国芯科技","江苏","半导体","科创板","20220106"
"4413","688265.SH","688265","南模生物","上海","医疗保健","科创板","20211228"
"4414","688266.SH","688266","泽璟制药-U","江苏","化学制药","科创板","20200123"
"4415","688268.SH","688268","华特气体","广东","化工原料","科创板","20191226"
"4416","688269.SH","688269","凯立新材","陕西","化工原料","科创板","20210609"
"4417","688272.SH","688272","富吉瑞","北京","元器件","科创板","20211018"
"4418","688276.SH","688276","百克生物","吉林","生物制药","科创板","20210625"
"4419","688277.SH","688277","天智航-U","北京","医疗保健","科创板","20200707"
"4420","688278.SH","688278","特宝生物","福建","生物制药","科创板","20200117"
"4421","688280.SH","688280","精进电动-UW","北京","汽车配件","科创板","20211027"
"4422","688285.SH","688285","高铁电气","陕西","运输设备","科创板","20211020"
"4423","688286.SH","688286","敏芯股份","江苏","元器件","科创板","20200810"
"4424","688288.SH","688288","鸿泉物联","浙江","汽车配件","科创板","20191106"
"4425","688289.SH","688289","圣湘生物","湖南","医疗保健","科创板","20200828"
"4426","688296.SH","688296","和达科技","浙江","软件服务","科创板","20210727"
"4427","688298.SH","688298","东方生物","浙江","医疗保健","科创板","20200205"
"4428","688299.SH","688299","长阳科技","浙江","塑料","科创板","20191106"
"4429","688300.SH","688300","联瑞新材","江苏","矿物制品","科创板","20191115"
"4430","688301.SH","688301","奕瑞科技","上海","医疗保健","科创板","20200918"
"4431","688303.SH","688303","大全能源","新疆","电气设备","科创板","20210722"
"4432","688305.SH","688305","科德数控","辽宁","机床制造","科创板","20210709"
"4433","688308.SH","688308","欧科亿","湖南","机械基件","科创板","20201210"
"4434","688309.SH","688309","恒誉环保","山东","环境保护","科创板","20200714"
"4435","688310.SH","688310","迈得医疗","浙江","医疗保健","科创板","20191203"
"4436","688311.SH","688311","盟升电子","四川","元器件","科创板","20200731"
"4437","688312.SH","688312","燕麦科技","深圳","专用机械","科创板","20200608"
"4438","688313.SH","688313","仕佳光子","河南","通信设备","科创板","20200812"
"4439","688314.SH","688314","康拓医疗","陕西","医疗保健","科创板","20210518"
"4440","688315.SH","688315","诺禾致源","北京","医疗保健","科创板","20210413"
"4441","688316.SH","688316","青云科技-U","北京","软件服务","科创板","20210316"
"4442","688317.SH","688317","之江生物","上海","医疗保健","科创板","20210118"
"4443","688318.SH","688318","财富趋势","深圳","软件服务","科创板","20200427"
"4444","688319.SH","688319","欧林生物","四川","生物制药","科创板","20210608"
"4445","688321.SH","688321","微芯生物","深圳","化学制药","科创板","20190812"
"4446","688323.SH","688323","瑞华泰","深圳","塑料","科创板","20210428"
"4447","688328.SH","688328","深科达","深圳","元器件","科创板","20210309"
"4448","688329.SH","688329","艾隆科技","江苏","医疗保健","科创板","20210329"
"4449","688330.SH","688330","宏力达","上海","电气设备","科创板","20201015"
"4450","688333.SH","688333","铂力特","陕西","机械基件","科创板","20190722"
"4451","688335.SH","688335","复洁环保","上海","环境保护","科创板","20200817"
"4452","688336.SH","688336","三生国健","上海","生物制药","科创板","20200722"
"4453","688338.SH","688338","赛科希德","北京","医疗保健","科创板","20200806"
"4454","688339.SH","688339","亿华通-U","北京","汽车配件","科创板","20200810"
"4455","688345.SH","688345","博力威","广东","电气设备","科创板","20210611"
"4456","688350.SH","688350","富淼科技","江苏","化工原料","科创板","20210128"
"4457","688355.SH","688355","明志科技","江苏","机械基件","科创板","20210512"
"4458","688356.SH","688356","键凯科技","北京","化学制药","科创板","20200826"
"4459","688357.SH","688357","建龙微纳","河南","化工原料","科创板","20191204"
"4460","688358.SH","688358","祥生医疗","江苏","医疗保健","科创板","20191203"
"4461","688359.SH","688359","三孚新科","广东","化工原料","科创板","20210521"
"4462","688360.SH","688360","德马科技","浙江","机械基件","科创板","20200602"
"4463","688363.SH","688363","华熙生物","山东","生物制药","科创板","20191106"
"4464","688365.SH","688365","光云科技","浙江","软件服务","科创板","20200429"
"4465","688366.SH","688366","昊海生科","上海","生物制药","科创板","20191030"
"4466","688367.SH","688367","工大高科","安徽","运输设备","科创板","20210628"
"4467","688368.SH","688368","晶丰明源","上海","半导体","科创板","20191014"
"4468","688369.SH","688369","致远互联","北京","软件服务","科创板","20191031"
"4469","688377.SH","688377","迪威尔","江苏","专用机械","科创板","20200708"
"4470","688378.SH","688378","奥来德","吉林","专用机械","科创板","20200903"
"4471","688379.SH","688379","华光新材","浙江","小金属","科创板","20200819"
"4472","688383.SH","688383","新益昌","深圳","专用机械","科创板","20210428"
"4473","688385.SH","688385","复旦微电","上海","半导体","科创板","20210804"
"4474","688386.SH","688386","泛亚微透","江苏","化工原料","科创板","20201016"
"4475","688388.SH","688388","嘉元科技","广东","铜","科创板","20190722"
"4476","688389.SH","688389","普门科技","深圳","医疗保健","科创板","20191105"
"4477","688390.SH","688390","固德威","江苏","电气设备","科创板","20200904"
"4478","688393.SH","688393","安必平","广东","医疗保健","科创板","20200820"
"4479","688395.SH","688395","正弦电气","深圳","电气设备","科创板","20210429"
"4480","688396.SH","688396","华润微","江苏","半导体","科创板","20200227"
"4481","688398.SH","688398","赛特新材","福建","矿物制品","科创板","20200211"
"4482","688399.SH","688399","硕世生物","江苏","医疗保健","科创板","20191205"
"4483","688408.SH","688408","中信博","江苏","电气设备","科创板","20200828"
"4484","688418.SH","688418","震有科技","深圳","通信设备","科创板","20200722"
"4485","688425.SH","688425","铁建重工","湖南","专用机械","科创板","20210622"
"4486","688456.SH","688456","有研粉材","北京","铜","科创板","20210317"
"4487","688466.SH","688466","金科环境","北京","环境保护","科创板","20200508"
"4488","688468.SH","688468","科美诊断","北京","医疗保健","科创板","20210409"
"4489","688488.SH","688488","艾迪药业","江苏","生物制药","科创板","20200720"
"4490","688499.SH","688499","利元亨","广东","专用机械","科创板","20210701"
"4491","688500.SH","688500","慧辰股份","北京","互联网","科创板","20200716"
"4492","688501.SH","688501","青达环保","山东","环境保护","科创板","20210716"
"4493","688505.SH","688505","复旦张江","上海","化学制药","科创板","20200619"
"4494","688508.SH","688508","芯朋微","江苏","半导体","科创板","20200722"
"4495","688509.SH","688509","正元地信","北京","软件服务","科创板","20210730"
"4496","688510.SH","688510","航亚科技","江苏","航空","科创板","20201216"
"4497","688511.SH","688511","天微电子","四川","元器件","科创板","20210730"
"4498","688513.SH","688513","苑东生物","四川","化学制药","科创板","20200902"
"4499","688516.SH","688516","奥特维","江苏","专用机械","科创板","20200521"
"4500","688517.SH","688517","金冠电气","河南","电气设备","科创板","20210618"
"4501","688518.SH","688518","联赢激光","深圳","专用机械","科创板","20200622"
"4502","688519.SH","688519","南亚新材","上海","元器件","科创板","20200818"
"4503","688520.SH","688520","神州细胞-U","北京","生物制药","科创板","20200622"
"4504","688521.SH","688521","芯原股份-U","上海","半导体","科创板","20200818"
"4505","688526.SH","688526","科前生物","湖北","农业综合","科创板","20200922"
"4506","688528.SH","688528","秦川物联","四川","电器仪表","科创板","20200701"
"4507","688529.SH","688529","豪森股份","辽宁","汽车配件","科创板","20201109"
"4508","688533.SH","688533","上声电子","江苏","汽车配件","科创板","20210419"
"4509","688536.SH","688536","思瑞浦","江苏","半导体","科创板","20200921"
"4510","688538.SH","688538","和辉光电-U","上海","半导体","科创板","20210528"
"4511","688550.SH","688550","瑞联新材","陕西","化工原料","科创板","20200902"
"4512","688551.SH","688551","科威尔","安徽","专用机械","科创板","20200910"
"4513","688553.SH","688553","汇宇制药-W","四川","化学制药","科创板","20211026"
"4514","688555.SH","688555","泽达易盛","天津","软件服务","科创板","20200623"
"4515","688556.SH","688556","高测股份","山东","专用机械","科创板","20200807"
"4516","688557.SH","688557","兰剑智能","山东","专用机械","科创板","20201202"
"4517","688558.SH","688558","国盛智科","江苏","机床制造","科创板","20200630"
"4518","688559.SH","688559","海目星","深圳","专用机械","科创板","20200909"
"4519","688560.SH","688560","明冠新材","江西","电气设备","科创板","20201224"
"4520","688561.SH","688561","奇安信-U","北京","软件服务","科创板","20200722"
"4521","688565.SH","688565","力源科技","浙江","环境保护","科创板","20210513"
"4522","688566.SH","688566","吉贝尔","江苏","化学制药","科创板","20200518"
"4523","688567.SH","688567","孚能科技","江西","电气设备","科创板","20200717"
"4524","688568.SH","688568","中科星图","北京","软件服务","科创板","20200708"
"4525","688569.SH","688569","铁科轨道","北京","运输设备","科创板","20200831"
"4526","688571.SH","688571","杭华股份","浙江","染料涂料","科创板","20201211"
"4527","688575.SH","688575","亚辉龙","深圳","医疗保健","科创板","20210517"
"4528","688577.SH","688577","浙海德曼","浙江","机床制造","科创板","20200916"
"4529","688578.SH","688578","艾力斯-U","上海","化学制药","科创板","20201202"
"4530","688579.SH","688579","山大地纬","山东","软件服务","科创板","20200717"
"4531","688580.SH","688580","伟思医疗","江苏","医疗保健","科创板","20200721"
"4532","688585.SH","688585","上纬新材","上海","化工原料","科创板","20200928"
"4533","688586.SH","688586","江航装备","安徽","航空","科创板","20200731"
"4534","688588.SH","688588","凌志软件","江苏","软件服务","科创板","20200511"
"4535","688589.SH","688589","力合微","深圳","半导体","科创板","20200722"
"4536","688590.SH","688590","新致软件","上海","软件服务","科创板","20201207"
"4537","688595.SH","688595","芯海科技","深圳","半导体","科创板","20200928"
"4538","688596.SH","688596","正帆科技","上海","专用机械","科创板","20200820"
"4539","688597.SH","688597","煜邦电力","北京","电器仪表","科创板","20210617"
"4540","688598.SH","688598","金博股份","湖南","矿物制品","科创板","20200518"
"4541","688599.SH","688599","天合光能","江苏","电气设备","科创板","20200610"
"4542","688600.SH","688600","皖仪科技","安徽","电器仪表","科创板","20200703"
"4543","688601.SH","688601","力芯微","江苏","半导体","科创板","20210628"
"4544","688606.SH","688606","奥泰生物","浙江","医疗保健","科创板","20210325"
"4545","688607.SH","688607","康众医疗","江苏","医疗保健","科创板","20210201"
"4546","688608.SH","688608","恒玄科技","上海","半导体","科创板","20201216"
"4547","688609.SH","688609","九联科技","广东","家用电器","科创板","20210323"
"4548","688611.SH","688611","杭州柯林","浙江","电气设备","科创板","20210412"
"4549","688613.SH","688613","奥精医疗","北京","医疗保健","科创板","20210521"
"4550","688616.SH","688616","西力科技","浙江","电器仪表","科创板","20210318"
"4551","688617.SH","688617","惠泰医疗","深圳","医疗保健","科创板","20210107"
"4552","688618.SH","688618","三旺通信","深圳","通信设备","科创板","20201230"
"4553","688619.SH","688619","罗普特","福建","软件服务","科创板","20210223"
"4554","688621.SH","688621","阳光诺和","北京","医疗保健","科创板","20210621"
"4555","688622.SH","688622","禾信仪器","广东","电器仪表","科创板","20210913"
"4556","688625.SH","688625","呈和科技","广东","化工原料","科创板","20210607"
"4557","688626.SH","688626","翔宇医疗","河南","医疗保健","科创板","20210331"
"4558","688628.SH","688628","优利德","广东","电器仪表","科创板","20210201"
"4559","688630.SH","688630","芯碁微装","安徽","专用机械","科创板","20210401"
"4560","688633.SH","688633","星球石墨","江苏","专用机械","科创板","20210324"
"4561","688636.SH","688636","智明达","四川","元器件","科创板","20210408"
"4562","688639.SH","688639","华恒生物","安徽","化学制药","科创板","20210422"
"4563","688655.SH","688655","迅捷兴","深圳","元器件","科创板","20210511"
"4564","688656.SH","688656","浩欧博","江苏","医疗保健","科创板","20210113"
"4565","688658.SH","688658","悦康药业","北京","化学制药","科创板","20201224"
"4566","688659.SH","688659","元琛科技","安徽","环境保护","科创板","20210331"
"4567","688660.SH","688660","电气风电","上海","电气设备","科创板","20210519"
"4568","688661.SH","688661","和林微纳","江苏","元器件","科创板","20210329"
"4569","688662.SH","688662","富信科技","广东","半导体","科创板","20210401"
"4570","688663.SH","688663","新风光","山东","电气设备","科创板","20210413"
"4571","688665.SH","688665","四方光电","湖北","电器仪表","科创板","20210209"
"4572","688667.SH","688667","菱电电控","湖北","汽车配件","科创板","20210312"
"4573","688668.SH","688668","鼎通科技","广东","元器件","科创板","20201221"
"4574","688669.SH","688669","聚石化学","广东","化工原料","科创板","20210125"
"4575","688670.SH","688670","金迪克","江苏","生物制药","科创板","20210802"
"4576","688676.SH","688676","金盘科技","海南","电气设备","科创板","20210309"
"4577","688677.SH","688677","海泰新光","山东","医疗保健","科创板","20210226"
"4578","688678.SH","688678","福立旺","江苏","元器件","科创板","20201223"
"4579","688679.SH","688679","通源环境","安徽","环境保护","科创板","20201225"
"4580","688680.SH","688680","海优新材","上海","塑料","科创板","20210122"
"4581","688681.SH","688681","科汇股份","山东","电气设备","科创板","20210616"
"4582","688682.SH","688682","霍莱沃","上海","软件服务","科创板","20210420"
"4583","688683.SH","688683","莱尔科技","广东","化工原料","科创板","20210412"
"4584","688685.SH","688685","迈信林","江苏","航空","科创板","20210513"
"4585","688686.SH","688686","奥普特","广东","电器仪表","科创板","20201231"
"4586","688687.SH","688687","凯因科技","北京","生物制药","科创板","20210208"
"4587","688689.SH","688689","银河微电","江苏","元器件","科创板","20210127"
"4588","688690.SH","688690","纳微科技","江苏","化工原料","科创板","20210623"
"4589","688696.SH","688696","极米科技","四川","IT设备","科创板","20210303"
"4590","688697.SH","688697","纽威数控","江苏","机床制造","科创板","20210917"
"4591","688698.SH","688698","伟创电气","江苏","电气设备","科创板","20201229"
"4592","688699.SH","688699","明微电子","深圳","半导体","科创板","20201218"
"4593","688700.SH","688700","东威科技","江苏","专用机械","科创板","20210615"
"4594","688701.SH","688701","卓锦股份","浙江","环境保护","科创板","20210916"
"4595","688707.SH","688707","振华新材-U","贵州","化工原料","科创板","20210914"
"4596","688711.SH","688711","宏微科技","江苏","半导体","科创板","20210901"
"4597","688718.SH","688718","唯赛勃","上海","专用机械","科创板","20210728"
"4598","688722.SH","688722","同益中","北京","化纤","科创板","20211019"
"4599","688728.SH","688728","格科微","上海","半导体","科创板","20210818"
"4600","688733.SH","688733","壹石通","安徽","矿物制品","科创板","20210817"
"4601","688737.SH","688737","中自科技","四川","化工原料","科创板","20211022"
"4602","688739.SH","688739","成大生物","辽宁","生物制药","科创板","20211028"
"4603","688766.SH","688766","普冉股份","上海","半导体","科创板","20210823"
"4604","688767.SH","688767","博拓生物","浙江","医疗保健","科创板","20210908"
"4605","688768.SH","688768","容知日新","安徽","电器仪表","科创板","20210726"
"4606","688772.SH","688772","珠海冠宇","广东","电气设备","科创板","20211015"
"4607","688776.SH","688776","国光电气","四川","元器件","科创板","20210831"
"4608","688777.SH","688777","中控技术","浙江","软件服务","科创板","20201124"
"4609","688778.SH","688778","厦钨新能","福建","元器件","科创板","20210805"
"4610","688779.SH","688779","长远锂科","湖南","电气设备","科创板","20210811"
"4611","688786.SH","688786","悦安新材","江西","矿物制品","科创板","20210826"
"4612","688787.SH","688787","海天瑞声","北京","软件服务","科创板","20210813"
"4613","688788.SH","688788","科思科技","深圳","通信设备","科创板","20201022"
"4614","688789.SH","688789","宏华数科","浙江","专用机械","科创板","20210708"
"4615","688793.SH","688793","倍轻松","深圳","家居用品","科创板","20210715"
"4616","688798.SH","688798","艾为电子","上海","半导体","科创板","20210816"
"4617","688799.SH","688799","华纳药厂","湖南","化学制药","科创板","20210713"
"4618","688800.SH","688800","瑞可达","江苏","元器件","科创板","20210722"
"4619","688819.SH","688819","天能股份","浙江","电气设备","科创板","20210118"
"4620","688981.SH","688981","中芯国际","上海","半导体","科创板","20200716"
"4621","830799.BJ","830799","艾融软件",NA,NA,"北交所","20200727"
"4622","830832.BJ","830832","齐鲁华信",NA,NA,"北交所","20210223"
"4623","830839.BJ","830839","万通液压",NA,NA,"北交所","20201109"
"4624","830946.BJ","830946","森萱医药",NA,NA,"北交所","20200727"
"4625","830964.BJ","830964","润农节水",NA,NA,"北交所","20200727"
"4626","831010.BJ","831010","凯添燃气",NA,NA,"北交所","20200727"
"4627","831039.BJ","831039","国义招标",NA,NA,"北交所","20210818"
"4628","831305.BJ","831305","海希通讯",NA,NA,"北交所","20211105"
"4629","831370.BJ","831370","新安洁",NA,NA,"北交所","20200727"
"4630","831445.BJ","831445","龙竹科技",NA,NA,"北交所","20200727"
"4631","831726.BJ","831726","朱老六",NA,NA,"北交所","20210527"
"4632","831768.BJ","831768","拾比佰",NA,NA,"北交所","20210628"
"4633","831832.BJ","831832","科达自控",NA,NA,"北交所","20211115"
"4634","831856.BJ","831856","浩淼科技",NA,NA,"北交所","20201225"
"4635","831961.BJ","831961","创远仪器",NA,NA,"北交所","20200727"
"4636","832000.BJ","832000","安徽凤凰",NA,NA,"北交所","20201223"
"4637","832089.BJ","832089","禾昌聚合",NA,NA,"北交所","20211109"
"4638","832145.BJ","832145","恒合股份",NA,NA,"北交所","20211115"
"4639","832171.BJ","832171","志晟信息",NA,NA,"北交所","20211115"
"4640","832225.BJ","832225","利通科技",NA,NA,"北交所","20210225"
"4641","832278.BJ","832278","鹿得医疗",NA,NA,"北交所","20200727"
"4642","832317.BJ","832317","观典防务",NA,NA,"北交所","20200727"
"4643","832566.BJ","832566","梓橦宫",NA,NA,"北交所","20210813"
"4644","832735.BJ","832735","德源药业",NA,NA,"北交所","20210219"
"4645","832885.BJ","832885","星辰科技",NA,NA,"北交所","20210708"
"4646","833266.BJ","833266","生物谷",NA,NA,"北交所","20200727"
"4647","833427.BJ","833427","华维设计",NA,NA,"北交所","20210205"
"4648","833454.BJ","833454","同心传动",NA,NA,"北交所","20211115"
"4649","833509.BJ","833509","同惠电子",NA,NA,"北交所","20210111"
"4650","833523.BJ","833523","德瑞锂电",NA,NA,"北交所","20210603"
"4651","833819.BJ","833819","颖泰生物",NA,NA,"北交所","20200727"
"4652","833873.BJ","833873","中设咨询",NA,NA,"北交所","20211115"
"4653","833874.BJ","833874","泰祥股份",NA,NA,"北交所","20200727"
"4654","833994.BJ","833994","翰博高新",NA,NA,"北交所","20200727"
"4655","834021.BJ","834021","流金岁月",NA,NA,"北交所","20200727"
"4656","834415.BJ","834415","恒拓开源",NA,NA,"北交所","20200727"
"4657","834475.BJ","834475","三友科技",NA,NA,"北交所","20200727"
"4658","834599.BJ","834599","同力股份",NA,NA,"北交所","20210222"
"4659","834682.BJ","834682","球冠电缆",NA,NA,"北交所","20200727"
"4660","834765.BJ","834765","美之高",NA,NA,"北交所","20210705"
"4661","835174.BJ","835174","五新隧装",NA,NA,"北交所","20210820"
"4662","835184.BJ","835184","国源科技",NA,NA,"北交所","20200727"
"4663","835185.BJ","835185","贝特瑞",NA,NA,"北交所","20200727"
"4664","835305.BJ","835305","云创数据",NA,NA,"北交所","20210826"
"4665","835368.BJ","835368","连城数控",NA,NA,"北交所","20200727"
"4666","835508.BJ","835508","殷图网联",NA,NA,"北交所","20200727"
"4667","835640.BJ","835640","富士达",NA,NA,"北交所","20200727"
"4668","835670.BJ","835670","数字人",NA,NA,"北交所","20201208"
"4669","836077.BJ","836077","吉林碳谷",NA,NA,"北交所","20210831"
"4670","836149.BJ","836149","旭杰科技",NA,NA,"北交所","20200727"
"4671","836239.BJ","836239","长虹能源",NA,NA,"北交所","20210209"
"4672","836260.BJ","836260","中寰股份",NA,NA,"北交所","20211115"
"4673","836263.BJ","836263","中航泰达",NA,NA,"北交所","20200727"
"4674","836433.BJ","836433","大唐药业",NA,NA,"北交所","20200727"
"4675","836675.BJ","836675","秉扬科技",NA,NA,"北交所","20201228"
"4676","836720.BJ","836720","吉冈精密",NA,NA,"北交所","20211124"
"4677","836826.BJ","836826","盖世食品",NA,NA,"北交所","20210112"
"4678","836892.BJ","836892","广咨国际",NA,NA,"北交所","20211028"
"4679","837092.BJ","837092","汉鑫科技",NA,NA,"北交所","20211115"
"4680","837212.BJ","837212","智新电子",NA,NA,"北交所","20210608"
"4681","837242.BJ","837242","建邦科技",NA,NA,"北交所","20200727"
"4682","837344.BJ","837344","三元基因",NA,NA,"北交所","20210108"
"4683","838030.BJ","838030","德众汽车",NA,NA,"北交所","20201127"
"4684","838163.BJ","838163","方大股份",NA,NA,"北交所","20200727"
"4685","838275.BJ","838275","驱动力",NA,NA,"北交所","20210125"
"4686","838924.BJ","838924","广脉科技",NA,NA,"北交所","20211103"
"4687","839167.BJ","839167","同享科技",NA,NA,"北交所","20200727"
"4688","839680.BJ","839680","广道高新",NA,NA,"北交所","20211115"
"4689","839729.BJ","839729","永顺生物",NA,NA,"北交所","20200727"
"4690","839946.BJ","839946","华阳变速",NA,NA,"北交所","20210720"
"4691","870204.BJ","870204","沪江材料",NA,NA,"北交所","20220118"
"4692","870436.BJ","870436","大地电气",NA,NA,"北交所","20211115"
"4693","871245.BJ","871245","威博液压",NA,NA,"北交所","20220106"
"4694","871396.BJ","871396","常辅股份",NA,NA,"北交所","20201118"
"4695","871553.BJ","871553","凯腾精工",NA,NA,"北交所","20210806"
"4696","871642.BJ","871642","通易航天",NA,NA,"北交所","20210816"
"4697","871981.BJ","871981","晶赛科技",NA,NA,"北交所","20211115"
"4698","872925.BJ","872925","锦好医疗",NA,NA,"北交所","20211025"
"4699","689009.SH","689009","九号公司-WD","北京","摩托车","CDR","20201029"
